Workbook
Name _1.: 'EVALUASI KINERJA KUANTI JF'!$R$47
Name _1.: 'EVALUASI KINERJA KUANTI JF (2)'!$R$47
Name Absensi: #REF!
Name Absensi: #REF!
Name Absensi: #REF!
Name Absensi: #REF!
Name Absensi: #REF!
Name Absensi: #REF!
Name Absensi: #REF!
Name Absensi: #REF!
Name AK: [1]Target!$AX$7:$BF$143
Name Akhir: [2]Sheet12!$B$5:$K$11
Name analisis: #REF!
Name analisis: #REF!
Name analisis: #REF!
Name analisis: #REF!
Name analisis: #REF!
Name analisis: #REF!
Name analisis: #REF!
Name analisis: #REF!
Name angka_kredit: [1]Target!$AX$7:$BF$143
Name bilat: [1]AngkaKredit!$C$83:$H$95
Name bind: #REF!
Name bind: #REF!
Name bind: #REF!
Name bind: #REF!
Name bind: #REF!
Name bind: #REF!
Name bind: #REF!
Name bind: #REF!
Name bing: #REF!
Name bing: #REF!
Name bing: #REF!
Name bing: #REF!
Name bing: #REF!
Name bing: #REF!
Name bing: #REF!
Name bing: #REF!
Name BUDIDAYA: #REF!
Name BUDIDAYA: #REF!
Name BUDIDAYA: #REF!
Name BUDIDAYA: #REF!
Name BUDIDAYA: #REF!
Name BUDIDAYA: #REF!
Name BUDIDAYA: #REF!
Name BUDIDAYA: #REF!
Name butir1bk: '[3]AK BK'!$G$7:$I$18
Name butir1gk: '[3]AK BK'!$G$119:$I$130
Name butir2bk: '[3]AK BK'!$G$19:$I$30
Name butir2gk: '[3]AK BK'!$G$131:$I$142
Name butir3bk: '[3]AK BK'!$G$31:$I$42
Name butir3gk: '[3]AK BK'!$G$143:$I$154
Name butir4bk: '[3]AK BK'!$G$43:$I$54
Name butir4gk: '[3]AK BK'!$G$155:$I$166
Name butir5bk: '[3]AK BK'!$G$55:$I$66
Name butir5gk: '[3]AK BK'!$G$167:$I$178
Name butir6gk: '[3]AK BK'!$G$179:$I$190
Name butir7bk: '[3]AK BK'!$G$79:$I$90
Name butir7gk: '[3]AK BK'!$G$191:$I$202
Name butir8bk: '[3]AK BK'!$G$91:$I$102

Sheet COVER
L1: DATA | M1: A
C16: PENILAIAN KINERJA
C17: PEGAWAI APARATUR SIPIL NEGARA
C18: SESUAI PERMENEGPAN RB. 06 TAHUN 2022
C24: JANGKA WAKTU PENILAIAN
C25: ='DOK. EVALUASI KINERJA PEGAWAI'!D15&"" -> 01 JANUARI 2022 S.D 31 DESEMBER 2022
C32: NAMA | D32: : | E32: ='SKP JF (KUANTITATIF)'!D8&"" -> RUSLAN, S.Pd
C33: NIP | D33: : | E33: ='SKP JF (KUANTITATIF)'!D9&"" -> 19660625 199112 1 001
C34: PANGKAT /GOL | D34: : | E34: ='SKP JF (KUANTITATIF)'!D10&"" -> PEMBINA TK.I/ IV.b
C35: JABATAN | D35: : | E35: ='SKP JF (KUANTITATIF)'!D11&"" -> KEPALA SEKOLAH
C36: UNIT KERJA | D36: : | E36: ='SKP JF (KUANTITATIF)'!D12&"" -> UPTD SDN 1 KOTABUMI TENGAH KAB. LAMPUNG UTARA
C44: =IF(M1="A","PEMERINTAH "&'00 DATA'!D25&" "&'00 DATA'!F25&"",IF(M1="B","KEMENAG "&'00 DATA'!D25&" "&'00 DATA'!F25&"")) -> PEMERINTAH KAB. LAMPUNG UTARA
C45: ='00 DATA'!P4&" "&'00 DATA'!P5&"" -> TAHUN 2022

Sheet SKP JF (KUANTITATIF)
L1: HOME
B2: SASARAN KINERJA PEGAWAI
B3: ="JABATAN FUNGSIONAL "&'00 DATA'!F1&"" -> JABATAN FUNGSIONAL KEPALA SEKOLAH
B4: PENDEKATAN HASIL KERJA KUANTITATIF
B6: ='00 DATA'!F24&" "&'00 DATA'!D25&" "&'00 DATA'!F25&"" -> DINAS PENDIDIKAN KAB. LAMPUNG UTARA | F6: PERIODE PENILAIAN: | H6: ='00 DATA'!N6&" S.D "&'00 DATA'!N7&"" -> 01 JANUARI 2022 S.D 31 DESEMBER 2022
B7: NO | C7: PEGAWAI YANG DINILAI | F7: NO | G7: PEJABAT PENILAI KINERJA
B8: 1 | C8: NAMA | D8: ='00 DATA'!F5&"" -> RUSLAN, S.Pd | F8: 1 | G8: NAMA | I8: ='00 DATA'!F12&"" -> TUTI ROSPASARI, S.Pd. M.Pd.
B9: 2 | C9: NIP | D9: ='00 DATA'!F6&"" -> 19660625 199112 1 001 | F9: 2 | G9: NIP | I9: ='00 DATA'!F13&"" -> 19721025 199802 2 003
B10: 3 | C10: PANGKAT/GOL. RUANG | D10: ='00 DATA'!F7&"/ "&'00 DATA'!G7&" "&'00 DATA'!H7&"" -> PEMBINA TK.I/ IV.b | F10: 3 | G10: PANGKAT/GOL. RUANG | I10: ='00 DATA'!F14&"" -> PEMBINA TK.I (IV/b)
B11: 4 | C11: JABATAN | D11: ='00 DATA'!F8&"" -> KEPALA SEKOLAH | F11: 4 | G11: JABATAN | I11: ='00 DATA'!F15&"" -> SEKRETARIS DINAS | N11: KODE ATSN | O11: KODE IKU
B12: 5 | C12: UNIT KERJA | D12: ='00 DATA'!F9&" "&'00 DATA'!D10&" "&'00 DATA'!F10&"" -> UPTD SDN 1 KOTABUMI TENGAH KAB. LAMPUNG UTARA | F12: 5 | G12: UNIT KERJA | I12: ='00 DATA'!F16&" "&'00 DATA'!D17&" "&'00 DATA'!F17&"" -> DINAS PENDIDIKAN KAB. LAMPUNG UTARA | N12: D=1; CD=2, KS=4 | O12: P=3; KS=4, GR=5
B13: HASIL KERJA
B14: NO. | C14: RENCANA HASIL KERJA ATASAN YANG DIINTERVENSI | D14: RENCANA HASIL KERJA | G14: ASPEK | H14: INDIKATOR KINERJA INDIVIDU | K14: TARGET | N14: DIISI BRDSARKN MATRIK PERAN HASIL / TUPOK
B15: (1) | C15: (2) | D15: (3) | G15: (4) | H15: (5) | K15: (6) | N15: INTRVENSI ATASAN | O15: HASIL KERJA
B16: A. | C16: UTAMA
B17: 1 | C17: =IF(N17<>"",VLOOKUP(N17,TUPOKSI!$B$6:$C$42,2,FALSE),"") -> Meningkatnya aksesibilitas dan kualitas Pendidikan Dasar Dinas Pendidikan Kab. Lampung Utara | D17: =IF(O17<>"",VLOOKUP(O17,TUPOKSI!$E$6:$F$42,2,FALSE),"") -> Dokumen Program Kerja Sekolah dalam bidang Manajerial, Kewirausahaan, Supervisi Guru dan Tendik dalam penyelenggaraan dan atau pengelolaan Sekolah. | G17: Kuantitas | H17: Jumlah Dokumen Program | J17: 2 | K17: Dokumen | N17: 1.1 | O17: 4.1
G18: Kualitas | H18: Program Pengawasan dan Program Bimlat Guru / Kepala Sekolah. | J18: 0.95 | K18: (Persen)
G19: Waktu | H19: Ketepatan waktu pelaksanaan kegiatan. | J19: 1 | K19: Bulan
B20: 2 | C20: =IF(N20<>"",VLOOKUP(N20,TUPOKSI!$B$6:$C$42,2,FALSE),"") -> Meningkatnya aksesibilitas dan kualitas Pendidikan Dasar Dinas Pendidikan Kab. Lampung Utara | D20: =IF(O20<>"",VLOOKUP(O20,TUPOKSI!$E$6:$F$42,2,FALSE),"") -> Laporan pelaksanaan tugas pokok kepala sekolah (Manajerial, Kewirausahaan, Supervisi Guru dan Tendik) dalam penyelenggaraan dan atau pengelolaan Sekolah. | G20: Kuantitas | H20: Jumlah Laporan Pengawasan | J20: 1 | K20: Laporan | N20: 1.1 | O20: 4.2
G21: Kualitas | H21: Materi Pengawasan, instrumen, daftar hadir, suket kegiatan dari KS. | J21: 0.95 | K21: (Persen)
G22: Waktu | H22: Ketepatan waktu pelaksanaan kegiatan. | J22: 12 | K22: Bulan
B23: 3 | C23: =IF(N23<>"",VLOOKUP(N23,TUPOKSI!$B$6:$C$42,2,FALSE),"") -> Laporan Pelaksanaan kegiatan Program Peningkatan aksesibilitas dan kualitas pendidikan Dinas Pendidikan Kab. Lampung Utara | D23: =IF(O23<>"",VLOOKUP(O23,TUPOKSI!$E$6:$F$42,2,FALSE),"") -> Laporan Evaluasi dan ketercapaian program kerja pelaksanaan tugas pokok kepala sekolah (Manajerial, Kewirausahaan, Supervisi) dalam bentuk EDS dan atau Analisis Hasil Rapor Pendidikan (PBD). | G23: Kuantitas | H23: Jumlah Laporan Bimlat Guru dan KS. | J23: 1 | K23: Laporan | N23: 1.2 | O23: 4.3
G24: Kualitas | H24: Materi Instrumen Pengawasan sekolah, daftar hadir, suket dari KS. | J24: 0.95 | K24: (Persen)
G25: Waktu | H25: Ketepatan waktu pelaksanaan kegiatan. | J25: 6 | K25: Bulan
B26: 4 | C26: =IF(N26<>"",VLOOKUP(N26,TUPOKSI!$B$6:$C$42,2,FALSE),"") -> Laporan Evaluasi Hasil Program Peningkatan aksesibilitas dan kualitas sesuai peraturan yang berlaku secara efektif dan efisien. | D26: =IF(O26<>"",VLOOKUP(O26,TUPOKSI!$E$6:$F$42,2,FALSE),"") -> Laporan Pengembangan Keprofesian Berkelanjutan Kepala Sekolah dalam bentuk Diklat fungsional kepala sekolah dan atau Karya Tulis Ilmiah Kepala Sekolah. | G26: Kuantitas | H26: Jumlah Laporan Evaluasi Pengawasan | J26: 1 | K26: Laporan | N26: 1.3 | O26: 4.4
G27: Kualitas | H27: Instrumen Evaluasi Pengawasan, dafhad, suket kegiatan dari KS. | J27: 0.95 | K27: (Persen)
G28: Waktu | H28: Ketepatan waktu pelaksanaan kegiatan. | J28: 2 | K28: Bulan
B29: 5 | C29: =IF(N29<>"",VLOOKUP(N29,TUPOKSI!$B$6:$C$42,2,FALSE),"") -> Dokumen kegiatan peningkatan kompetensi dan pengembangan karir ASN di lingkungan Dinas Pendidikan Kab. Lampung Utara | D29: =IF(O29<>"",VLOOKUP(O29,TUPOKSI!$E$6:$F$42,2,FALSE),"") -> Dokumen kegiatan tugas tambahan sebagai Pengurus atau MKKS/KKKS Kab. Lampung Utara | G29: Kuantitas | H29: Jumlah Laporan Pengembangan Diri | J29: 1 | K29: Laporan | N29: 1.5 | O29: 4.5
G30: Kualitas | H30: Laporan PD, daftar hadir, suket kegiatan dari Korwas. | J30: 0.95 | K30: (Persen)
G31: Waktu | H31: Ketepatan waktu pelaksanaan kegiatan. | J31: 3 | K31: Bulan
B32: B. | C32: TAMBAHAN
B33: 1 | C33: =IF(N33<>"",VLOOKUP(N33,TUPOKSI!$B$6:$C$42,2,FALSE),"") -> Dokumen tugas kedinasan lain yang diberikan pimpinan baik lisan maupun tertulis dilingkungan Dinas Pendidikan Kab. Lampung Utara | D33: =IF(O33<>"",VLOOKUP(O33,TUPOKSI!$E$6:$F$42,2,FALSE),"") -> Dokumen kegiatan tugas tambahan sebagai Anggota / Pengurus MKKS/PGRI Kab. Barito Timur. | G33: Kuantitas | H33: Jumlah Satuan Kegiatan | J33: 1 | K33: Dokumen | N33: 1.4 | O33: 4.6
G34: Kualitas | H34: Dokumen Tugas Tambahan sebagai Pengurus APSI | J34: 0.95 | K34: (Persen)
G35: Waktu | H35: Ketepatan waktu pelaksanaan kegiatan. | J35: 12 | K35: Bulan
B36: 2 | C36: =IF(N36<>"",VLOOKUP(N36,TUPOKSI!$B$6:$C$42,2,FALSE),"") -> Dokumen kegiatan peningkatan kompetensi dan pengembangan karir ASN di lingkungan Dinas Pendidikan Kab. Lampung Utara | D36: =IF(O36<>"",VLOOKUP(O36,TUPOKSI!$E$6:$F$42,2,FALSE),"") -> Dokumen kegiatan mengikuti Seminar dan atau Webinar Pendidikan di Lingkungan daerah dan Pusat. | G36: Kuantitas | H36: Jumlah Sertifikat | J36: 1 | K36: Sertifikat | N36: 1.5 | O36: 4.7
G37: Kualitas | H37: Sertifikat Webinar APSI Pusat sebagai peserta | J37: 0.95 | K37: (Persen)
G38: Waktu | H38: Ketepatan waktu pelaksanaan kegiatan. | J38: 6 | K38: Bulan | N38: KONDISI IDEAL
F39: PERILAKU KERJA | N39: KD PRLKU | O39: EXPTASI
B40: 1 | C40: =IF(N40<>"",VLOOKUP(N40,BERAHLAK!$B$5:$C$53,2,FALSE),"") -> Berorientasi Pelayanan | N40: 1.
C41: =IF(N41<>"",VLOOKUP(N41,BERAHLAK!$B$5:$C$53,2,FALSE),"") -> - Memahami dan memenuhi kebutuhan masyarakat | F41: Ekspektasi Khusus Pimpinan: | N41: 1.1
C42: =IF(N42<>"",VLOOKUP(N42,BERAHLAK!$B$5:$C$53,2,FALSE),"") -> - Ramah, cekatan, solutif, dan dapat diandalkan | F42: =IF(O42<>"",VLOOKUP(O42,BERAHLAK!$E$5:$F$53,2,FALSE),"") -> - Maksimal dalam pelayanan, terbuka terhadap masukan atau kritikan. | N42: 1.2 | O42: 1.1
C43: =IF(N43<>"",VLOOKUP(N43,BERAHLAK!$B$5:$C$53,2,FALSE),"") -> - Melakukan perbaikan tiada henti | F43: =IF(O43<>"",VLOOKUP(O43,BERAHLAK!$E$5:$F$53,2,FALSE),"") -> - Selalu belajar dari kesalahan untuk perbaikan kinerja selanjutnya. | N43: 1.3 | O43: 1.2
B44: 2 | C44: =IF(N44<>"",VLOOKUP(N44,BERAHLAK!$B$5:$C$53,2,FALSE),"") -> Akuntabel | N44: 2.
C45: =IF(N45<>"",VLOOKUP(N45,BERAHLAK!$B$5:$C$53,2,FALSE),"") -> - Melaksanakan tugas dengan jujur, bertanggungjawab, cermat, disiplin dan berintegritas tinggi | F45: Ekspektasi Khusus Pimpinan: | N45: 2.1
C46: =IF(N46<>"",VLOOKUP(N46,BERAHLAK!$B$5:$C$53,2,FALSE),"") -> - Menggunakan kekayaan dan barang milik negara secara bertanggungjawab, efektif, dan efisien | F46: =IF(O46<>"",VLOOKUP(O46,BERAHLAK!$E$5:$F$53,2,FALSE),"") -> - Berani berterus terang jika merasa ada kesalahan dan mengakui kesalahan yang telah dibuat. | N46: 2.2 | O46: 2.1
C47: =IF(N47<>"",VLOOKUP(N47,BERAHLAK!$B$5:$C$53,2,FALSE),"") -> - Tidak menyalahgunakan kewenangan jabatan | F47: =IF(O47<>"",VLOOKUP(O47,BERAHLAK!$E$5:$F$53,2,FALSE),"") | N47: 2.3
B48: 3 | C48: =IF(N48<>"",VLOOKUP(N48,BERAHLAK!$B$5:$C$53,2,FALSE),"") -> Kompeten | N48: 3.
C49: =IF(N49<>"",VLOOKUP(N49,BERAHLAK!$B$5:$C$53,2,FALSE),"") -> - Meningkatkan kompetensi diri untuk menjawab tantangan yang selalu berubah | F49: Ekspektasi Khusus Pimpinan: | N49: 3.1
C50: =IF(N50<>"",VLOOKUP(N50,BERAHLAK!$B$5:$C$53,2,FALSE),"") -> - Membantu orang lain belajar | F50: =IF(O50<>"",VLOOKUP(O50,BERAHLAK!$E$5:$F$53,2,FALSE),"") -> - Menyelesaikan setiap pekerjaan sesuai dengan target dan standar mutu yang ditetapkan. | N50: 3.2 | O50: 3.1
C51: =IF(N51<>"",VLOOKUP(N51,BERAHLAK!$B$5:$C$53,2,FALSE),"") -> - Melaksanakan tugas dengan kualitas terbaik | F51: =IF(O51<>"",VLOOKUP(O51,BERAHLAK!$E$5:$F$53,2,FALSE),"") -> - Aktif dalam membagikan informasi kepada teman sejawat atau pihak lainnya yang sifatnya memberikan pengetahuan. | N51: 3.3 | O51: 3.2
B52: 4 | C52: =IF(N52<>"",VLOOKUP(N52,BERAHLAK!$B$5:$C$53,2,FALSE),"") -> Harmonis | N52: 4.
C53: =IF(N53<>"",VLOOKUP(N53,BERAHLAK!$B$5:$C$53,2,FALSE),"") -> - Menghargai setiap orang apapun latar belakangnya | F53: Ekspektasi Khusus Pimpinan: | N53: 4.1
C54: =IF(N54<>"",VLOOKUP(N54,BERAHLAK!$B$5:$C$53,2,FALSE),"") -> - Suka menolong orang lain | F54: =IF(O54<>"",VLOOKUP(O54,BERAHLAK!$E$5:$F$53,2,FALSE),"") -> - Membangun komunikasi yang lebih terbuka dan menjaga hubungan baik dengan stakeholder | N54: 4.2 | O54: 4.1
C55: =IF(N55<>"",VLOOKUP(N55,BERAHLAK!$B$5:$C$53,2,FALSE),"") -> - Membangun lingkungan kerja yang kondusif | F55: =IF(O55<>"",VLOOKUP(O55,BERAHLAK!$E$5:$F$53,2,FALSE),"") -> - Selalu siap memberi bantuan dengan atau tanpa harus diminta kepada teman sejawat atau pihak yang membutuhkan. | N55: 4.3 | O55: 4.2
B56: 5 | C56: =IF(N56<>"",VLOOKUP(N56,BERAHLAK!$B$5:$C$53,2,FALSE),"") -> Loyal | N56: 5.
C57: =IF(N57<>"",VLOOKUP(N57,BERAHLAK!$B$5:$C$53,2,FALSE),"") -> - Memegang teguh ideologi Pancasila, UUD Negara Republik Indonesia Tahun 1945, setia kepada NKRI serta pemerintahan yang sah. | F57: Ekspektasi Khusus Pimpinan: | N57: 5.1
C58: =IF(N58<>"",VLOOKUP(N58,BERAHLAK!$B$5:$C$53,2,FALSE),"") -> - Menjaga nama baik sesama ASN, Pimpinan, Instansi, dan Negara | F58: =IF(O58<>"",VLOOKUP(O58,BERAHLAK!$E$5:$F$53,2,FALSE),"") -> - Taat terhadap atasan sesuai dengan Struktur Jabatan pada Instansi pegawai berada | N58: 5.2 | O58: 5.1
C59: =IF(N59<>"",VLOOKUP(N59,BERAHLAK!$B$5:$C$53,2,FALSE),"") -> - Menjaga rahasia jabatan dan negara | F59: =IF(O59<>"",VLOOKUP(O59,BERAHLAK!$E$5:$F$53,2,FALSE),"") | N59: 5.3
B60: 6 | C60: =IF(N60<>"",VLOOKUP(N60,BERAHLAK!$B$5:$C$53,2,FALSE),"") -> Adaptif | N60: 6.
C61: =IF(N61<>"",VLOOKUP(N61,BERAHLAK!$B$5:$C$53,2,FALSE),"") -> - Cepat menyesuaikan diri menghadapi perubahan | F61: Ekspektasi Khusus Pimpinan: | N61: 6.1
C62: =IF(N62<>"",VLOOKUP(N62,BERAHLAK!$B$5:$C$53,2,FALSE),"") -> - Terus berinovasi dan mengembangkan kreativitas | F62: =IF(O62<>"",VLOOKUP(O62,BERAHLAK!$E$5:$F$53,2,FALSE),"") -> - Mengimplementasikan perkembangan teknologi untuk memperbaiki metode dan proses kerja. | N62: 6.2 | O62: 6.1
C63: =IF(N63<>"",VLOOKUP(N63,BERAHLAK!$B$5:$C$53,2,FALSE),"") -> - Bertindak proaktif | F63: =IF(O63<>"",VLOOKUP(O63,BERAHLAK!$E$5:$F$53,2,FALSE),"") | N63: 6.3
B64: 7 | C64: =IF(N64<>"",VLOOKUP(N64,BERAHLAK!$B$5:$C$53,2,FALSE),"") -> Kolaboratif | N64: 7.
C65: =IF(N65<>"",VLOOKUP(N65,BERAHLAK!$B$5:$C$53,2,FALSE),"") -> - Memberi kesempatan kepada berbagai pihak untuk berkontribusi | F65: Ekspektasi Khusus Pimpinan: | N65: 7.1
C66: =IF(N66<>"",VLOOKUP(N66,BERAHLAK!$B$5:$C$53,2,FALSE),"") -> - Terbuka dalam bekerja sama untuk menghasilkan nilai tambah | F66: =IF(O66<>"",VLOOKUP(O66,BERAHLAK!$E$5:$F$53,2,FALSE),"") -> - Aktif berpartisipasi sesuai keahliannya pada project unit kerja | N66: 7.2 | O66: 7.1
C67: =IF(N67<>"",VLOOKUP(N67,BERAHLAK!$B$5:$C$53,2,FALSE),"") -> - Menggerakkan pemanfaatan berbagai sumberdaya untuk tujuan bersama | F67: =IF(O67<>"",VLOOKUP(O67,BERAHLAK!$E$5:$F$53,2,FALSE),"") -> - Aktif berkontribusi sesuai keahliannya pada project unit kerja | N67: 7.3 | O67: 7.2
B69: LAMPIRAN
B70: DUKUNGAN SUMBER DAYA
C71: Dalam rangka memenuhi ekspektasi Pimpinan, diperlukan …
C72: SK. Pembagian Tugas Kepengawasan Tahun Anggaran 2022; Peralatan Kerja untuk Kegiatan Pengawasan, Pembimbingan dan Pelatihan (ATK).
C73: Koordinasi dan dukungan dari Sekolah Binaan dan Cabang Dinas dalam pelaksanaan kegiatan Kepengawasan dan Bimlat Guru dan atau Kepala Sekolah di Sekolah Binaan.
B74: SKEMA PERTANGGUNGJAWABAN
C75: Hasil kerja dilaporkan setiap hari/ mingguan/ bulanan/tahun* berikut data yang dilaporkan adalah …
B76: =B17&"" -> 1 | C76: =H18&" (Tertuang dalam Laporan dan atau Dokumen)" -> Program Pengawasan dan Program Bimlat Guru / Kepala Sekolah. (Tertuang dalam Laporan dan atau Dokumen)
B77: =B20&"" -> 2 | C77: =H21&" (Tertuang dalam Laporan dan atau Dokumen)" -> Materi Pengawasan, instrumen, daftar hadir, suket kegiatan dari KS. (Tertuang dalam Laporan dan atau Dokumen)
B78: =B23&"" -> 3 | C78: =H24&" (Tertuang dalam Laporan dan atau Dokumen)" -> Materi Instrumen Pengawasan sekolah, daftar hadir, suket dari KS. (Tertuang dalam Laporan dan atau Dokumen)
B79: =B26&"" -> 4 | C79: =H27&" (Tertuang dalam Laporan dan atau Dokumen)" -> Instrumen Evaluasi Pengawasan, dafhad, suket kegiatan dari KS. (Tertuang dalam Laporan dan atau Dokumen)
B80: =B29&"" -> 5 | C80: =H30&" (Tertuang dalam Laporan dan atau Dokumen)" -> Laporan PD, daftar hadir, suket kegiatan dari Korwas. (Tertuang dalam Laporan dan atau Dokumen)
B81: =(B80+1)&"" -> 6 | C81: =H34&" (Tertuang dalam Laporan dan atau Dokumen)" -> Dokumen Tugas Tambahan sebagai Pengurus APSI (Tertuang dalam Laporan dan atau Dokumen)
B82: =(B81+1)&"" -> 7 | C82: =H37&" (Tertuang dalam Laporan dan atau Dokumen)" -> Sertifikat Webinar APSI Pusat sebagai peserta (Tertuang dalam Laporan dan atau Dokumen)
B83: KONSEKUENSI
B84: 1 | C84: Apabila memenuhi ekspektasi Pimpinan maka …
C85: Penghargaan dalam bentuk reward atau promosi sesuai dengan kewenangan pimpinan dan sesuai dengan aturan yang ada pada lembaga.
B86: 2 | C86: Apabila tidak memenuhi ekspektasi Pimpinan maka …
C87: Adanya teguran lisan dan atau tertulis serta memenuhi kewajiban untuk melaporkan hasil kegiatan yang belum terpenuhi sesuai target yang telah direncanakan sebelumnyam baik dalam bentuk lisan maupun dalam bentuk dokumen / laporan tertulis.
H93: ='00 DATA'!N8&", "&'00 DATA'!N4&"" -> Kotabumi , 03 Januari 2022
B94: Pegawai Yang Dinilai | H94: Pejabat Penilai Kinerja
B98: ="("&D8&")" -> (RUSLAN, S.Pd) | H98: ="("&I8&")" -> (TUTI ROSPASARI, S.Pd. M.Pd.)
B99: ="NIP."&D9&"" -> NIP.19660625 199112 1 001 | H99: ="NIP."&I9&"" -> NIP.19721025 199802 2 003

Sheet EVALUASI KINERJA KUANTI JF (2)
A1: ='EVALUASI KINERJA KUANTI JF'!A1&"" -> A | O1: HOME
B2: EVALUASI KINERJA PEGAWAI
B3: ='SKP JF (KUANTITATIF)'!B3&"" -> JABATAN FUNGSIONAL KEPALA SEKOLAH
B4: PENDEKATAN HASIL KERJA KUANTITATIF
B6: PERIODE: TRIWULAN I/II/III/IV-AKHIR*
B7: ='SKP JF (KUANTITATIF)'!B6&"" -> DINAS PENDIDIKAN KAB. LAMPUNG UTARA | H7: PERIODE PENILAIAN: | K7: ='SKP JF (KUANTITATIF)'!H6&"" -> 01 JANUARI 2022 S.D 31 DESEMBER 2022
B8: NO. | C8: PEGAWAI YANG DINILAI | H8: NO. | I8: PEJABAT PENILAI KINERJA
B9: 1 | C9: NAMA | E9: ='SKP JF (KUANTITATIF)'!D8&"" -> RUSLAN, S.Pd | H9: 1 | I9: NAMA | L9: =IF(A1="A",'00 DATA'!F12,IF(A1="B",'00 DATA'!N20,"")) -> TUTI ROSPASARI, S.Pd. M.Pd.
B10: 2 | C10: NIP | E10: ='SKP JF (KUANTITATIF)'!D9&"" -> 19660625 199112 1 001 | H10: 2 | I10: NIP | L10: =IF(A1="A",'00 DATA'!F13,IF(A1="B",'00 DATA'!N21,"")) -> 19721025 199802 2 003
B11: 3 | C11: PANGKAT/GOL. RUANG | E11: ='SKP JF (KUANTITATIF)'!D10&"" -> PEMBINA TK.I/ IV.b | H11: 3 | I11: PANGKAT/GOL.RUANG | L11: =IF(A1="A",'00 DATA'!F14,IF(A1="B",'00 DATA'!N22,"")) -> PEMBINA TK.I (IV/b)
B12: 4 | C12: JABATAN | E12: ='SKP JF (KUANTITATIF)'!D11&"" -> KEPALA SEKOLAH | H12: 4 | I12: JABATAN | L12: =IF(A1="A",'00 DATA'!F15,IF(A1="B",'00 DATA'!N23,"")) -> SEKRETARIS DINAS
B13: 5 | C13: UNIT KERJA | E13: ='SKP JF (KUANTITATIF)'!D12&"" -> UPTD SDN 1 KOTABUMI TENGAH KAB. LAMPUNG UTARA | H13: 5 | I13: INSTANSI | L13: =IF(A1="A",'00 DATA'!F16&" "&'00 DATA'!D17&" "&'00 DATA'!F17&"",IF(A1="B",'00 DATA'!N24&" "&'00 DATA'!L25&" "&'00 DATA'!N25,"")) -> DINAS PENDIDIKAN KAB. LAMPUNG UTARA
B14: CAPAIAN KINERJA ORGANISASI*
B15: ='EVALUASI KINERJA KUANTI JF'!B15&"" -> BAIK
B16: POLA DISTRIBUSI:
B18: HASIL KERJA
B19: NO. | C19: RENCANA HASIL KERJA PIMPINAN YANG DIINTERVENSI | D19: RENCANA HASIL KERJA | F19: ASPEK | G19: INDIKATOR KINERJA INDIVIDU | J19: TARGET | K19: REALISASI BERDASARKAN BUKTI DUKUNG | M19: UMPAN BALIK BERKELANJUTAN BERDASARKAN BUKTI DUKUNG
B20: (1) | C20: (2) | D20: (3) | F20: (4) | G20: (5) | J20: (6) | K20: (7) | N20: (8)
B21: A. UTAMA | S21: 91-100 | T21: 76-90 | U21: 61-75 | V21: 51-60
B22: ='SKP JF (KUANTITATIF)'!B17&"" -> 1 | C22: ='SKP JF (KUANTITATIF)'!C17&"" -> Meningkatnya aksesibilitas dan kualitas Pendidikan Dasar Dinas Pendidikan Kab. Lampung Utara | D22: ='SKP JF (KUANTITATIF)'!D17&"" -> Dokumen Program Kerja Sekolah dalam bidang Manajerial, Kewirausahaan, Supervisi Guru dan Tendik dalam penyelenggaraan dan atau pengelolaan Sekolah. | F22: ='SKP JF (KUANTITATIF)'!G17&"" -> Kuantitas | G22: ='SKP JF (KUANTITATIF)'!H17&"" -> Jumlah Dokumen Program | I22: ='SKP JF (KUANTITATIF)'!J17&"" -> 2 | J22: ='SKP JF (KUANTITATIF)'!K17&"" -> Dokumen | K22: ='EVALUASI KINERJA KUANTI JF'!K22&"" -> 2 | L22: ='EVALUASI KINERJA KUANTI JF'!L22&"" -> berdasarkan penilaian pimpinan | M22: =IF(Q22="Sangat Baik","C",IF(Q22="Baik","J",IF(Q22="Cukup","K",IF(Q22="Kurang","L","")))) -> C | N22: =IF(K22="","",IF(Q22="Sangat Baik","Bagus, sudah amat baik, pertahankan.",IF(Q22="Baik","Bagus, sudah baik, dapat lebih ditingkatkan.",IF(Q22="Cukup","Cukup baik, ada baiknya perlu sekali ditingkatkan.",IF(Q22="Kurang","Kurang, sangat perlu perbaikan secara menyeluruh.",""))))) -> Bagus, sudah amat baik, pertahankan. | P22: =(K22/I22)*100 -> 100 | Q22: =IF(P22<=50,("Buruk"),IF(P22<=60,("Kurang"),IF(P22<=75,("Cukup"),IF(P22<=90,("Baik"),("Sangat Baik"))))) -> Sangat Baik | S22: C | T22: J | U22: K | V22: L
F23: ='SKP JF (KUANTITATIF)'!G18&"" -> Kualitas | G23: ='SKP JF (KUANTITATIF)'!H18&"" -> Program Pengawasan dan Program Bimlat Guru / Kepala Sekolah. | I23: ='SKP JF (KUANTITATIF)'!J18 -> 0.95 | J23: ='SKP JF (KUANTITATIF)'!K18&"" -> (Persen) | K23: ='EVALUASI KINERJA KUANTI JF'!K23 -> 0.9 | L23: =IF(K23>=1%,"berdasarkan penilaian pimpinan","") -> berdasarkan penilaian pimpinan | M23: =IF(Q23="Sangat Baik","C",IF(Q23="Baik","J",IF(Q23="Cukup","K",IF(Q23="Kurang","L","")))) -> C | N23: =IF(K23="","",IF(Q23="Sangat Baik","Bagus, sudah amat baik, pertahankan.",IF(Q23="Baik","Bagus, sudah baik, dapat lebih ditingkatkan.",IF(Q23="Cukup","Cukup baik, ada baiknya perlu sekali ditingkatkan.",IF(Q23="Kurang","Kurang, sangat perlu perbaikan secara menyeluruh.",""))))) -> Bagus, sudah amat baik, pertahankan. | P23: =(K23/I23)*100 -> 94.736842 | Q23: =IF(P23<=50,("Buruk"),IF(P23<=60,("Kurang"),IF(P23<=75,("Cukup"),IF(P23<=90,("Baik"),("Sangat Baik"))))) -> Sangat Baik | S23: Sangat Baik | T23: Baik | U23: Cukup | V23: Kurang
F24: ='SKP JF (KUANTITATIF)'!G19&"" -> Waktu | G24: ='SKP JF (KUANTITATIF)'!H19&"" -> Ketepatan waktu pelaksanaan kegiatan. | I24: ='SKP JF (KUANTITATIF)'!J19 -> 1 | J24: ='SKP JF (KUANTITATIF)'!K19&"" -> Bulan | K24: ='EVALUASI KINERJA KUANTI JF'!K24&"" -> 1 | L24: ='EVALUASI KINERJA KUANTI JF'!L24&"" -> bulan berdasarkan waktu kegiatan | M24: =IF(Q24="Sangat Baik","C",IF(Q24="Baik","J",IF(Q24="Cukup","K",IF(Q24="Kurang","L","")))) -> C | N24: =IF(K24="","",IF(Q24="Sangat Baik","Bagus, sudah amat baik, pertahankan.",IF(Q24="Baik","Bagus, sudah baik, dapat lebih ditingkatkan.",IF(Q24="Cukup","Cukup baik, ada baiknya perlu sekali ditingkatkan.",IF(Q24="Kurang","Kurang, sangat perlu perbaikan secara menyeluruh.",""))))) -> Bagus, sudah amat baik, pertahankan. | P24: =(K24/I24)*100 -> 100 | Q24: =IF(P24<=50,("Buruk"),IF(P24<=60,("Kurang"),IF(P24<=75,("Cukup"),IF(P24<=90,("Baik"),("Sangat Baik"))))) -> Sangat Baik | T24: Chek | U24: 91 | V24: =IF(U24<=50,("Buruk"),IF(U24<=60,("Kurang"),IF(U24<=75,("Cukup"),IF(U24<=90,("Baik"),("Sangat Baik"))))) -> Sangat Baik
B25: ='SKP JF (KUANTITATIF)'!B20&"" -> 2 | C25: ='SKP JF (KUANTITATIF)'!C20&"" -> Meningkatnya aksesibilitas dan kualitas Pendidikan Dasar Dinas Pendidikan Kab. Lampung Utara | D25: ='SKP JF (KUANTITATIF)'!D20&"" -> Laporan pelaksanaan tugas pokok kepala sekolah (Manajerial, Kewirausahaan, Supervisi Guru dan Tendik) dalam penyelenggaraan dan atau pengelolaan Sekolah. | F25: ='SKP JF (KUANTITATIF)'!G20&"" -> Kuantitas | G25: ='SKP JF (KUANTITATIF)'!H20&"" -> Jumlah Laporan Pengawasan | I25: ='SKP JF (KUANTITATIF)'!J20 -> 1 | J25: ='SKP JF (KUANTITATIF)'!K20&"" -> Laporan | K25: ='EVALUASI KINERJA KUANTI JF'!K25&"" -> 1 | L25: ='EVALUASI KINERJA KUANTI JF'!L25&"" -> berdasarkan penilaian pimpinan | M25: =IF(Q25="Sangat Baik","C",IF(Q25="Baik","J",IF(Q25="Cukup","K",IF(Q25="Kurang","L","")))) -> C | N25: =IF(K25="","",IF(Q25="Sangat Baik","Bagus, sudah amat baik, pertahankan.",IF(Q25="Baik","Bagus, sudah baik, dapat lebih ditingkatkan.",IF(Q25="Cukup","Cukup baik, ada baiknya perlu sekali ditingkatkan.",IF(Q25="Kurang","Kurang, sangat perlu perbaikan secara menyeluruh.",""))))) -> Bagus, sudah amat baik, pertahankan. | P25: =(K25/I25)*100 -> 100 | Q25: =IF(P25<=50,("Buruk"),IF(P25<=60,("Kurang"),IF(P25<=75,("Cukup"),IF(P25<=90,("Baik"),("Sangat Baik"))))) -> Sangat Baik
F26: ='SKP JF (KUANTITATIF)'!G21&"" -> Kualitas | G26: ='SKP JF (KUANTITATIF)'!H21&"" -> Materi Pengawasan, instrumen, daftar hadir, suket kegiatan dari KS. | I26: ='SKP JF (KUANTITATIF)'!J21 -> 0.95 | J26: ='SKP JF (KUANTITATIF)'!K21&"" -> (Persen) | K26: ='EVALUASI KINERJA KUANTI JF'!K26 -> 0.9 | L26: =IF(K26>=1%,"berdasarkan penilaian pimpinan","") -> berdasarkan penilaian pimpinan | M26: =IF(Q26="Sangat Baik","C",IF(Q26="Baik","J",IF(Q26="Cukup","K",IF(Q26="Kurang","L","")))) -> C | N26: =IF(K26="","",IF(Q26="Sangat Baik","Bagus, sudah amat baik, pertahankan.",IF(Q26="Baik","Bagus, sudah baik, dapat lebih ditingkatkan.",IF(Q26="Cukup","Cukup baik, ada baiknya perlu sekali ditingkatkan.",IF(Q26="Kurang","Kurang, sangat perlu perbaikan secara menyeluruh.",""))))) -> Bagus, sudah amat baik, pertahankan. | P26: =(K26/I26)*100 -> 94.736842 | Q26: =IF(P26<=50,("Buruk"),IF(P26<=60,("Kurang"),IF(P26<=75,("Cukup"),IF(P26<=90,("Baik"),("Sangat Baik"))))) -> Sangat Baik
F27: ='SKP JF (KUANTITATIF)'!G22&"" -> Waktu | G27: ='SKP JF (KUANTITATIF)'!H22&"" -> Ketepatan waktu pelaksanaan kegiatan. | I27: ='SKP JF (KUANTITATIF)'!J22 -> 12 | J27: ='SKP JF (KUANTITATIF)'!K22&"" -> Bulan | K27: ='EVALUASI KINERJA KUANTI JF'!K27&"" -> 12 | L27: ='EVALUASI KINERJA KUANTI JF'!L27&"" -> bulan berdasarkan waktu kegiatan | M27: =IF(Q27="Sangat Baik","C",IF(Q27="Baik","J",IF(Q27="Cukup","K",IF(Q27="Kurang","L","")))) -> C | N27: =IF(K27="","",IF(Q27="Sangat Baik","Bagus, sudah amat baik, pertahankan.",IF(Q27="Baik","Bagus, sudah baik, dapat lebih ditingkatkan.",IF(Q27="Cukup","Cukup baik, ada baiknya perlu sekali ditingkatkan.",IF(Q27="Kurang","Kurang, sangat perlu perbaikan secara menyeluruh.",""))))) -> Bagus, sudah amat baik, pertahankan. | P27: =(K27/I27)*100 -> 100 | Q27: =IF(P27<=50,("Buruk"),IF(P27<=60,("Kurang"),IF(P27<=75,("Cukup"),IF(P27<=90,("Baik"),("Sangat Baik"))))) -> Sangat Baik
B28: ='SKP JF (KUANTITATIF)'!B23&"" -> 3 | C28: ='SKP JF (KUANTITATIF)'!C23&"" -> Laporan Pelaksanaan kegiatan Program Peningkatan aksesibilitas dan kualitas pendidikan Dinas Pendidikan Kab. Lampung Utara | D28: ='SKP JF (KUANTITATIF)'!D23&"" -> Laporan Evaluasi dan ketercapaian program kerja pelaksanaan tugas pokok kepala sekolah (Manajerial, Kewirausahaan, Supervisi) dalam bentuk EDS dan atau Analisis Hasil Rapor Pendidikan (PBD). | F28: ='SKP JF (KUANTITATIF)'!G23&"" -> Kuantitas | G28: ='SKP JF (KUANTITATIF)'!H23&"" -> Jumlah Laporan Bimlat Guru dan KS. | I28: ='SKP JF (KUANTITATIF)'!J23 -> 1 | J28: ='SKP JF (KUANTITATIF)'!K23&"" -> Laporan | K28: ='EVALUASI KINERJA KUANTI JF'!K28&"" -> 1 | L28: ='EVALUASI KINERJA KUANTI JF'!L28&"" -> berdasarkan penilaian pimpinan | M28: =IF(Q28="Sangat Baik","C",IF(Q28="Baik","J",IF(Q28="Cukup","K",IF(Q28="Kurang","L","")))) -> C | N28: =IF(K28="","",IF(Q28="Sangat Baik","Bagus, sudah amat baik, pertahankan.",IF(Q28="Baik","Bagus, sudah baik, dapat lebih ditingkatkan.",IF(Q28="Cukup","Cukup baik, ada baiknya perlu sekali ditingkatkan.",IF(Q28="Kurang","Kurang, sangat perlu perbaikan secara menyeluruh.",""))))) -> Bagus, sudah amat baik, pertahankan. | P28: =(K28/I28)*100 -> 100 | Q28: =IF(P28<=50,("Buruk"),IF(P28<=60,("Kurang"),IF(P28<=75,("Cukup"),IF(P28<=90,("Baik"),("Sangat Baik"))))) -> Sangat Baik
F29: ='SKP JF (KUANTITATIF)'!G24&"" -> Kualitas | G29: ='SKP JF (KUANTITATIF)'!H24&"" -> Materi Instrumen Pengawasan sekolah, daftar hadir, suket dari KS. | I29: ='SKP JF (KUANTITATIF)'!J24 -> 0.95 | J29: ='SKP JF (KUANTITATIF)'!K24&"" -> (Persen) | K29: ='EVALUASI KINERJA KUANTI JF'!K29 -> 0.9 | L29: =IF(K29>=1%,"berdasarkan penilaian pimpinan","") -> berdasarkan penilaian pimpinan | M29: =IF(Q29="Sangat Baik","C",IF(Q29="Baik","J",IF(Q29="Cukup","K",IF(Q29="Kurang","L","")))) -> C | N29: =IF(K29="","",IF(Q29="Sangat Baik","Bagus, sudah amat baik, pertahankan.",IF(Q29="Baik","Bagus, sudah baik, dapat lebih ditingkatkan.",IF(Q29="Cukup","Cukup baik, ada baiknya perlu sekali ditingkatkan.",IF(Q29="Kurang","Kurang, sangat perlu perbaikan secara menyeluruh.",""))))) -> Bagus, sudah amat baik, pertahankan. | P29: =(K29/I29)*100 -> 94.736842 | Q29: =IF(P29<=50,("Buruk"),IF(P29<=60,("Kurang"),IF(P29<=75,("Cukup"),IF(P29<=90,("Baik"),("Sangat Baik"))))) -> Sangat Baik
F30: ='SKP JF (KUANTITATIF)'!G25&"" -> Waktu | G30: ='SKP JF (KUANTITATIF)'!H25&"" -> Ketepatan waktu pelaksanaan kegiatan. | I30: ='SKP JF (KUANTITATIF)'!J25 -> 6 | J30: ='SKP JF (KUANTITATIF)'!K25&"" -> Bulan | K30: ='EVALUASI KINERJA KUANTI JF'!K30&"" -> 6 | L30: ='EVALUASI KINERJA KUANTI JF'!L30&"" -> bulan berdasarkan waktu kegiatan | M30: =IF(Q30="Sangat Baik","C",IF(Q30="Baik","J",IF(Q30="Cukup","K",IF(Q30="Kurang","L","")))) -> C | N30: =IF(K30="","",IF(Q30="Sangat Baik","Bagus, sudah amat baik, pertahankan.",IF(Q30="Baik","Bagus, sudah baik, dapat lebih ditingkatkan.",IF(Q30="Cukup","Cukup baik, ada baiknya perlu sekali ditingkatkan.",IF(Q30="Kurang","Kurang, sangat perlu perbaikan secara menyeluruh.",""))))) -> Bagus, sudah amat baik, pertahankan. | P30: =(K30/I30)*100 -> 100 | Q30: =IF(P30<=50,("Buruk"),IF(P30<=60,("Kurang"),IF(P30<=75,("Cukup"),IF(P30<=90,("Baik"),("Sangat Baik"))))) -> Sangat Baik
B31: ='SKP JF (KUANTITATIF)'!B26&"" -> 4 | C31: ='SKP JF (KUANTITATIF)'!C26&"" -> Laporan Evaluasi Hasil Program Peningkatan aksesibilitas dan kualitas sesuai peraturan yang berlaku secara efektif dan efisien. | D31: ='SKP JF (KUANTITATIF)'!D26&"" -> Laporan Pengembangan Keprofesian Berkelanjutan Kepala Sekolah dalam bentuk Diklat fungsional kepala sekolah dan atau Karya Tulis Ilmiah Kepala Sekolah. | F31: ='SKP JF (KUANTITATIF)'!G26&"" -> Kuantitas | G31: ='SKP JF (KUANTITATIF)'!H26&"" -> Jumlah Laporan Evaluasi Pengawasan | I31: ='SKP JF (KUANTITATIF)'!J26 -> 1 | J31: ='SKP JF (KUANTITATIF)'!K26&"" -> Laporan | K31: ='EVALUASI KINERJA KUANTI JF'!K31&"" -> 1 | L31: ='EVALUASI KINERJA KUANTI JF'!L31&"" -> berdasarkan penilaian pimpinan | M31: =IF(Q31="Sangat Baik","C",IF(Q31="Baik","J",IF(Q31="Cukup","K",IF(Q31="Kurang","L","")))) -> C | N31: =IF(K31="","",IF(Q31="Sangat Baik","Bagus, sudah amat baik, pertahankan.",IF(Q31="Baik","Bagus, sudah baik, dapat lebih ditingkatkan.",IF(Q31="Cukup","Cukup baik, ada baiknya perlu sekali ditingkatkan.",IF(Q31="Kurang","Kurang, sangat perlu perbaikan secara menyeluruh.",""))))) -> Bagus, sudah amat baik, pertahankan. | P31: =(K31/I31)*100 -> 100 | Q31: =IF(P31<=50,("Buruk"),IF(P31<=60,("Kurang"),IF(P31<=75,("Cukup"),IF(P31<=90,("Baik"),("Sangat Baik"))))) -> Sangat Baik
F32: ='SKP JF (KUANTITATIF)'!G27&"" -> Kualitas | G32: ='SKP JF (KUANTITATIF)'!H27&"" -> Instrumen Evaluasi Pengawasan, dafhad, suket kegiatan dari KS. | I32: ='SKP JF (KUANTITATIF)'!J27 -> 0.95 | J32: ='SKP JF (KUANTITATIF)'!K27&"" -> (Persen) | K32: ='EVALUASI KINERJA KUANTI JF'!K32 -> 0.85 | L32: =IF(K32>=1%,"berdasarkan penilaian pimpinan","") -> berdasarkan penilaian pimpinan | M32: =IF(Q32="Sangat Baik","C",IF(Q32="Baik","J",IF(Q32="Cukup","K",IF(Q32="Kurang","L","")))) -> J | N32: =IF(K32="","",IF(Q32="Sangat Baik","Bagus, sudah amat baik, pertahankan.",IF(Q32="Baik","Bagus, sudah baik, dapat lebih ditingkatkan.",IF(Q32="Cukup","Cukup baik, ada baiknya perlu sekali ditingkatkan.",IF(Q32="Kurang","Kurang, sangat perlu perbaikan secara menyeluruh.",""))))) -> Bagus, sudah baik, dapat lebih ditingkatkan. | P32: =(K32/I32)*100 -> 89.473684 | Q32: =IF(P32<=50,("Buruk"),IF(P32<=60,("Kurang"),IF(P32<=75,("Cukup"),IF(P32<=90,("Baik"),("Sangat Baik"))))) -> Baik
F33: ='SKP JF (KUANTITATIF)'!G28&"" -> Waktu | G33: ='SKP JF (KUANTITATIF)'!H28&"" -> Ketepatan waktu pelaksanaan kegiatan. | I33: ='SKP JF (KUANTITATIF)'!J28 -> 2 | J33: ='SKP JF (KUANTITATIF)'!K28&"" -> Bulan | K33: ='EVALUASI KINERJA KUANTI JF'!K33&"" -> 2 | L33: ='EVALUASI KINERJA KUANTI JF'!L33&"" -> bulan berdasarkan waktu kegiatan | M33: =IF(Q33="Sangat Baik","C",IF(Q33="Baik","J",IF(Q33="Cukup","K",IF(Q33="Kurang","L","")))) -> C | N33: =IF(K33="","",IF(Q33="Sangat Baik","Bagus, sudah amat baik, pertahankan.",IF(Q33="Baik","Bagus, sudah baik, dapat lebih ditingkatkan.",IF(Q33="Cukup","Cukup baik, ada baiknya perlu sekali ditingkatkan.",IF(Q33="Kurang","Kurang, sangat perlu perbaikan secara menyeluruh.",""))))) -> Bagus, sudah amat baik, pertahankan. | P33: =(K33/I33)*100 -> 100 | Q33: =IF(P33<=50,("Buruk"),IF(P33<=60,("Kurang"),IF(P33<=75,("Cukup"),IF(P33<=90,("Baik"),("Sangat Baik"))))) -> Sangat Baik
B34: ='SKP JF (KUANTITATIF)'!B29&"" -> 5 | C34: ='SKP JF (KUANTITATIF)'!C29&"" -> Dokumen kegiatan peningkatan kompetensi dan pengembangan karir ASN di lingkungan Dinas Pendidikan Kab. Lampung Utara | D34: ='SKP JF (KUANTITATIF)'!D29&"" -> Dokumen kegiatan tugas tambahan sebagai Pengurus atau MKKS/KKKS Kab. Lampung Utara | F34: ='SKP JF (KUANTITATIF)'!G29&"" -> Kuantitas | G34: ='SKP JF (KUANTITATIF)'!H29&"" -> Jumlah Laporan Pengembangan Diri | I34: ='SKP JF (KUANTITATIF)'!J29 -> 1 | J34: ='SKP JF (KUANTITATIF)'!K29&"" -> Laporan | K34: ='EVALUASI KINERJA KUANTI JF'!K34&"" -> 1 | L34: ='EVALUASI KINERJA KUANTI JF'!L34&"" -> berdasarkan penilaian pimpinan | M34: =IF(Q34="Sangat Baik","C",IF(Q34="Baik","J",IF(Q34="Cukup","K",IF(Q34="Kurang","L","")))) -> C | N34: =IF(K34="","",IF(Q34="Sangat Baik","Bagus, sudah amat baik, pertahankan.",IF(Q34="Baik","Bagus, sudah baik, dapat lebih ditingkatkan.",IF(Q34="Cukup","Cukup baik, ada baiknya perlu sekali ditingkatkan.",IF(Q34="Kurang","Kurang, sangat perlu perbaikan secara menyeluruh.",""))))) -> Bagus, sudah amat baik, pertahankan. | P34: =(K34/I34)*100 -> 100 | Q34: =IF(P34<=50,("Buruk"),IF(P34<=60,("Kurang"),IF(P34<=75,("Cukup"),IF(P34<=90,("Baik"),("Sangat Baik"))))) -> Sangat Baik
F35: ='SKP JF (KUANTITATIF)'!G30&"" -> Kualitas | G35: ='SKP JF (KUANTITATIF)'!H30&"" -> Laporan PD, daftar hadir, suket kegiatan dari Korwas. | I35: ='SKP JF (KUANTITATIF)'!J30 -> 0.95 | J35: ='SKP JF (KUANTITATIF)'!K30&"" -> (Persen) | K35: ='EVALUASI KINERJA KUANTI JF'!K35 -> 0.9 | L35: =IF(K35>=1%,"berdasarkan penilaian pimpinan","") -> berdasarkan penilaian pimpinan | M35: =IF(Q35="Sangat Baik","C",IF(Q35="Baik","J",IF(Q35="Cukup","K",IF(Q35="Kurang","L","")))) -> C | N35: =IF(K35="","",IF(Q35="Sangat Baik","Bagus, sudah amat baik, pertahankan.",IF(Q35="Baik","Bagus, sudah baik, dapat lebih ditingkatkan.",IF(Q35="Cukup","Cukup baik, ada baiknya perlu sekali ditingkatkan.",IF(Q35="Kurang","Kurang, sangat perlu perbaikan secara menyeluruh.",""))))) -> Bagus, sudah amat baik, pertahankan. | P35: =(K35/I35)*100 -> 94.736842 | Q35: =IF(P35<=50,("Buruk"),IF(P35<=60,("Kurang"),IF(P35<=75,("Cukup"),IF(P35<=90,("Baik"),("Sangat Baik"))))) -> Sangat Baik
F36: ='SKP JF (KUANTITATIF)'!G31&"" -> Waktu | G36: ='SKP JF (KUANTITATIF)'!H31&"" -> Ketepatan waktu pelaksanaan kegiatan. | I36: ='SKP JF (KUANTITATIF)'!J31 -> 3 | J36: ='SKP JF (KUANTITATIF)'!K31&"" -> Bulan | K36: ='EVALUASI KINERJA KUANTI JF'!K36&"" -> 3 | L36: ='EVALUASI KINERJA KUANTI JF'!L36&"" -> bulan berdasarkan waktu kegiatan | M36: =IF(Q36="Sangat Baik","C",IF(Q36="Baik","J",IF(Q36="Cukup","K",IF(Q36="Kurang","L","")))) -> C | N36: =IF(K36="","",IF(Q36="Sangat Baik","Bagus, sudah amat baik, pertahankan.",IF(Q36="Baik","Bagus, sudah baik, dapat lebih ditingkatkan.",IF(Q36="Cukup","Cukup baik, ada baiknya perlu sekali ditingkatkan.",IF(Q36="Kurang","Kurang, sangat perlu perbaikan secara menyeluruh.",""))))) -> Bagus, sudah amat baik, pertahankan. | P36: =(K36/I36)*100 -> 100 | Q36: =IF(P36<=50,("Buruk"),IF(P36<=60,("Kurang"),IF(P36<=75,("Cukup"),IF(P36<=90,("Baik"),("Sangat Baik"))))) -> Sangat Baik
B37: B. TAMBAHAN
B38: ='SKP JF (KUANTITATIF)'!B33&"" -> 1 | C38: ='SKP JF (KUANTITATIF)'!C33&"" -> Dokumen tugas kedinasan lain yang diberikan pimpinan baik lisan maupun tertulis dilingkungan Dinas Pendidikan Kab. Lampung Utara | D38: ='SKP JF (KUANTITATIF)'!D33&"" -> Dokumen kegiatan tugas tambahan sebagai Anggota / Pengurus MKKS/PGRI Kab. Barito Timur. | F38: ='SKP JF (KUANTITATIF)'!G33&"" -> Kuantitas | G38: ='SKP JF (KUANTITATIF)'!H33&"" -> Jumlah Satuan Kegiatan | I38: ='SKP JF (KUANTITATIF)'!J33 -> 1 | J38: ='SKP JF (KUANTITATIF)'!K33&"" -> Dokumen | K38: ='EVALUASI KINERJA KUANTI JF'!K38&"" -> 1 | L38: ='EVALUASI KINERJA KUANTI JF'!L38&"" -> berdasarkan penilaian pimpinan | M38: =IF(Q38="Sangat Baik","C",IF(Q38="Baik","J",IF(Q38="Cukup","K",IF(Q38="Kurang","L","")))) -> C | N38: =IF(K38="","",IF(Q38="Sangat Baik","Bagus, sudah amat baik, pertahankan.",IF(Q38="Baik","Bagus, sudah baik, dapat lebih ditingkatkan.",IF(Q38="Cukup","Cukup baik, ada baiknya perlu sekali ditingkatkan.",IF(Q38="Kurang","Kurang, sangat perlu perbaikan secara menyeluruh.",""))))) -> Bagus, sudah amat baik, pertahankan. | P38: =(K38/I38)*100 -> 100 | Q38: =IF(P38<=50,("Buruk"),IF(P38<=60,("Kurang"),IF(P38<=75,("Cukup"),IF(P38<=90,("Baik"),("Sangat Baik"))))) -> Sangat Baik
F39: ='SKP JF (KUANTITATIF)'!G34&"" -> Kualitas | G39: ='SKP JF (KUANTITATIF)'!H34&"" -> Dokumen Tugas Tambahan sebagai Pengurus APSI | I39: ='SKP JF (KUANTITATIF)'!J34 -> 0.95 | J39: ='SKP JF (KUANTITATIF)'!K34&"" -> (Persen) | K39: ='EVALUASI KINERJA KUANTI JF'!K39 -> 0.9 | L39: =IF(K39>=1%,"berdasarkan penilaian pimpinan","") -> berdasarkan penilaian pimpinan | M39: =IF(Q39="Sangat Baik","C",IF(Q39="Baik","J",IF(Q39="Cukup","K",IF(Q39="Kurang","L","")))) -> C | N39: =IF(K39="","",IF(Q39="Sangat Baik","Bagus, sudah amat baik, pertahankan.",IF(Q39="Baik","Bagus, sudah baik, dapat lebih ditingkatkan.",IF(Q39="Cukup","Cukup baik, ada baiknya perlu sekali ditingkatkan.",IF(Q39="Kurang","Kurang, sangat perlu perbaikan secara menyeluruh.",""))))) -> Bagus, sudah amat baik, pertahankan. | P39: =(K39/I39)*100 -> 94.736842 | Q39: =IF(P39<=50,("Buruk"),IF(P39<=60,("Kurang"),IF(P39<=75,("Cukup"),IF(P39<=90,("Baik"),("Sangat Baik"))))) -> Sangat Baik | R39: =IF(Q41="Sangat Baik","C",IF(Q41="Baik","J",IF(Q41="Cukup","K",IF(Q41="Kurang","L","")))) -> C
F40: ='SKP JF (KUANTITATIF)'!G35&"" -> Waktu | G40: ='SKP JF (KUANTITATIF)'!H35&"" -> Ketepatan waktu pelaksanaan kegiatan. | I40: ='SKP JF (KUANTITATIF)'!J35 -> 12 | J40: ='SKP JF (KUANTITATIF)'!K35&"" -> Bulan | K40: ='EVALUASI KINERJA KUANTI JF'!K40&"" -> 12 | L40: ='EVALUASI KINERJA KUANTI JF'!L40&"" -> bulan berdasarkan waktu kegiatan | M40: =IF(Q40="Sangat Baik","C",IF(Q40="Baik","J",IF(Q40="Cukup","K",IF(Q40="Kurang","L","")))) -> C | N40: =IF(K40="","",IF(Q40="Sangat Baik","Bagus, sudah amat baik, pertahankan.",IF(Q40="Baik","Bagus, sudah baik, dapat lebih ditingkatkan.",IF(Q40="Cukup","Cukup baik, ada baiknya perlu sekali ditingkatkan.",IF(Q40="Kurang","Kurang, sangat perlu perbaikan secara menyeluruh.",""))))) -> Bagus, sudah amat baik, pertahankan. | P40: =(K40/I40)*100 -> 100 | Q40: =IF(P40<=50,("Buruk"),IF(P40<=60,("Kurang"),IF(P40<=75,("Cukup"),IF(P40<=90,("Baik"),("Sangat Baik"))))) -> Sangat Baik
B41: ='SKP JF (KUANTITATIF)'!B36&"" -> 2 | C41: ='SKP JF (KUANTITATIF)'!C36&"" -> Dokumen kegiatan peningkatan kompetensi dan pengembangan karir ASN di lingkungan Dinas Pendidikan Kab. Lampung Utara | D41: ='SKP JF (KUANTITATIF)'!D36&"" -> Dokumen kegiatan mengikuti Seminar dan atau Webinar Pendidikan di Lingkungan daerah dan Pusat. | F41: ='SKP JF (KUANTITATIF)'!G36&"" -> Kuantitas | G41: ='SKP JF (KUANTITATIF)'!H36&"" -> Jumlah Sertifikat | I41: ='SKP JF (KUANTITATIF)'!J36 -> 1 | J41: ='SKP JF (KUANTITATIF)'!K36&"" -> Sertifikat | K41: ='EVALUASI KINERJA KUANTI JF'!K41&"" -> 1 | L41: ='EVALUASI KINERJA KUANTI JF'!L41&"" -> berdasarkan penilaian pimpinan | M41: =IF(Q41="Sangat Baik","C",IF(Q41="Baik","J",IF(Q41="Cukup","K",IF(Q41="Kurang","L","")))) -> C | N41: =IF(K41="","",IF(Q41="Sangat Baik","Bagus, sudah amat baik, pertahankan.",IF(Q41="Baik","Bagus, sudah baik, dapat lebih ditingkatkan.",IF(Q41="Cukup","Cukup baik, ada baiknya perlu sekali ditingkatkan.",IF(Q41="Kurang","Kurang, sangat perlu perbaikan secara menyeluruh.",""))))) -> Bagus, sudah amat baik, pertahankan. | P41: =(K41/I41)*100 -> 100 | Q41: =IF(P41<=50,("Buruk"),IF(P41<=60,("Kurang"),IF(P41<=75,("Cukup"),IF(P41<=90,("Baik"),("Sangat Baik"))))) -> Sangat Baik
F42: ='SKP JF (KUANTITATIF)'!G37&"" -> Kualitas | G42: ='SKP JF (KUANTITATIF)'!H37&"" -> Sertifikat Webinar APSI Pusat sebagai peserta | I42: ='SKP JF (KUANTITATIF)'!J37 -> 0.95 | J42: ='SKP JF (KUANTITATIF)'!K37&"" -> (Persen) | K42: ='EVALUASI KINERJA KUANTI JF'!K42 -> 0.85 | L42: =IF(K42>=1%,"berdasarkan penilaian pimpinan","") -> berdasarkan penilaian pimpinan | M42: =IF(Q42="Sangat Baik","C",IF(Q42="Baik","J",IF(Q42="Cukup","K",IF(Q42="Kurang","L","")))) -> J | N42: =IF(K42="","",IF(Q42="Sangat Baik","Bagus, sudah amat baik, pertahankan.",IF(Q42="Baik","Bagus, sudah baik, dapat lebih ditingkatkan.",IF(Q42="Cukup","Cukup baik, ada baiknya perlu sekali ditingkatkan.",IF(Q42="Kurang","Kurang, sangat perlu perbaikan secara menyeluruh.",""))))) -> Bagus, sudah baik, dapat lebih ditingkatkan. | P42: =(K42/I42)*100 -> 89.473684 | Q42: =IF(P42<=50,("Buruk"),IF(P42<=60,("Kurang"),IF(P42<=75,("Cukup"),IF(P42<=90,("Baik"),("Sangat Baik"))))) -> Baik | R42: =IF(Q44="Sangat Baik","C",IF(Q44="Baik","J",IF(Q44="Cukup","K",IF(Q44="Kurang","L","")))) -> C
F43: ='SKP JF (KUANTITATIF)'!G38&"" -> Waktu | G43: ='SKP JF (KUANTITATIF)'!H38&"" -> Ketepatan waktu pelaksanaan kegiatan. | I43: ='SKP JF (KUANTITATIF)'!J38 -> 6 | J43: ='SKP JF (KUANTITATIF)'!K38&"" -> Bulan | K43: ='EVALUASI KINERJA KUANTI JF'!K43&"" -> 6 | L43: ='EVALUASI KINERJA KUANTI JF'!L43&"" -> bulan berdasarkan waktu kegiatan | M43: =IF(Q43="Sangat Baik","C",IF(Q43="Baik","J",IF(Q43="Cukup","K",IF(Q43="Kurang","L","")))) -> C | N43: =IF(K43="","",IF(Q43="Sangat Baik","Bagus, sudah amat baik, pertahankan.",IF(Q43="Baik","Bagus, sudah baik, dapat lebih ditingkatkan.",IF(Q43="Cukup","Cukup baik, ada baiknya perlu sekali ditingkatkan.",IF(Q43="Kurang","Kurang, sangat perlu perbaikan secara menyeluruh.",""))))) -> Bagus, sudah amat baik, pertahankan. | P43: =(K43/I43)*100 -> 100 | Q43: =IF(P43<=50,("Buruk"),IF(P43<=60,("Kurang"),IF(P43<=75,("Cukup"),IF(P43<=90,("Baik"),("Sangat Baik"))))) -> Sangat Baik
B44: RATING HASIL KERJA* | P44: =(AVERAGE(P22:P23,P25:P26,P28:P29,P31:P32,P34:P35,P38:P39,P41:P42)) -> 96.616541 | Q44: =IF(P44<=50,("Buruk"),IF(P44<=60,("Kurang"),IF(P44<=75,("Cukup"),IF(P44<=90,("Baik"),("Sangat Baik"))))) -> Sangat Baik
B45: ='EVALUASI KINERJA KUANTI JF'!B45 -> SESUAI EKSPEKTASI
B46: PERILAKU KERJA | M46: UMPAN BALIK BERKELANJUTAN BERDASARKAN BUKTI DUKUNG | R46: PRLKU | S46: EXPTSI | T46: UMPAN BALIK
B47: ='SKP JF (KUANTITATIF)'!B40&"" -> 1 | C47: =IF(R47<>"",VLOOKUP(R47,BERAHLAK!$B$5:$C$53,2,FALSE),"") -> Berorientasi Pelayanan | R47: ='EVALUASI KINERJA KUANTI JF'!R47&"" -> 1.
C48: =IF(R48<>"",VLOOKUP(R48,BERAHLAK!$B$5:$C$53,2,FALSE),"") -> - Memahami dan memenuhi kebutuhan masyarakat | I48: Ekspektasi Khusus Pimpinan: | N48: =IF(T48<>"",VLOOKUP(T48,'UMPAN-BALIK'!$B$5:$C$53,2,FALSE),"") -> Stakeholder terkait: Ramah dalam memberikan pelayanan kepada stakeholder (komite sekolah, dinas terkait), semua warga sekolah (guru dan tenaga kependidikan lainnya). | R48: ='EVALUASI KINERJA KUANTI JF'!R48&"" -> 1.1 | T48: ='EVALUASI KINERJA KUANTI JF'!T48&"" -> 1.1
C49: =IF(R49<>"",VLOOKUP(R49,BERAHLAK!$B$5:$C$53,2,FALSE),"") -> - Ramah, cekatan, solutif, dan dapat diandalkan | I49: =IF(S49<>"",VLOOKUP(S49,BERAHLAK!$E$5:$F$53,2,FALSE),"") -> - Maksimal dalam pelayanan, terbuka terhadap masukan atau kritikan. | R49: ='EVALUASI KINERJA KUANTI JF'!R49&"" -> 1.2 | S49: ='EVALUASI KINERJA KUANTI JF'!S49&"" -> 1.1
C50: =IF(R50<>"",VLOOKUP(R50,BERAHLAK!$B$5:$C$53,2,FALSE),"") -> - Melakukan perbaikan tiada henti | I50: =IF(S50<>"",VLOOKUP(S50,BERAHLAK!$E$5:$F$53,2,FALSE),"") -> - Selalu belajar dari kesalahan untuk perbaikan kinerja selanjutnya. | N50: =IF(T50<>"",VLOOKUP(T50,'UMPAN-BALIK'!$B$5:$C$53,2,FALSE),"") -> Pimpinan : Yang bersangkutan dapat diandalkan ketika ada hal-hal yang membutuhkan penyelesaian segera. | R50: ='EVALUASI KINERJA KUANTI JF'!R50&"" -> 1.3 | S50: ='EVALUASI KINERJA KUANTI JF'!S50&"" -> 1.2 | T50: ='EVALUASI KINERJA KUANTI JF'!T50&"" -> 1.2
B51: ='SKP JF (KUANTITATIF)'!B44&"" -> 2 | C51: =IF(R51<>"",VLOOKUP(R51,BERAHLAK!$B$5:$C$53,2,FALSE),"") -> Akuntabel | R51: ='EVALUASI KINERJA KUANTI JF'!R51&"" -> 2.
C52: =IF(R52<>"",VLOOKUP(R52,BERAHLAK!$B$5:$C$53,2,FALSE),"") -> - Melaksanakan tugas dengan jujur, bertanggungjawab, cermat, disiplin dan berintegritas tinggi | I52: Ekspektasi Khusus Pimpinan: | N52: =IF(T52<>"",VLOOKUP(T52,'UMPAN-BALIK'!$B$5:$C$53,2,FALSE),"") -> Teman sejawat: Selalu menunjukkan sikap bertanggung jawab meskipun ada kesalahan yang dilakukan anggota timnya. | R52: ='EVALUASI KINERJA KUANTI JF'!R52&"" -> 2.1 | T52: ='EVALUASI KINERJA KUANTI JF'!T52&"" -> 2.1
C53: =IF(R53<>"",VLOOKUP(R53,BERAHLAK!$B$5:$C$53,2,FALSE),"") -> - Menggunakan kekayaan dan barang milik negara secara bertanggungjawab, efektif, dan efisien | I53: =IF(S53<>"",VLOOKUP(S53,BERAHLAK!$E$5:$F$53,2,FALSE),"") -> - Berani berterus terang jika merasa ada kesalahan dan mengakui kesalahan yang telah dibuat. | R53: ='EVALUASI KINERJA KUANTI JF'!R53&"" -> 2.2 | S53: ='EVALUASI KINERJA KUANTI JF'!S53&"" -> 2.1
C54: =IF(R54<>"",VLOOKUP(R54,BERAHLAK!$B$5:$C$53,2,FALSE),"") -> - Tidak menyalahgunakan kewenangan jabatan | I54: =IF(S54<>"",VLOOKUP(S54,BERAHLAK!$E$5:$F$53,2,FALSE),"") | N54: =IF(T54<>"",VLOOKUP(T54,'UMPAN-BALIK'!$B$5:$C$53,2,FALSE),"") -> Pimpinan : Yang bersangkutan selalu merespon dengan cepat dan mengambil alternatif strategi. | R54: ='EVALUASI KINERJA KUANTI JF'!R54&"" -> 2.3 | T54: ='EVALUASI KINERJA KUANTI JF'!T54&"" -> 2.2
B55: ='SKP JF (KUANTITATIF)'!B48&"" -> 3 | C55: =IF(R55<>"",VLOOKUP(R55,BERAHLAK!$B$5:$C$53,2,FALSE),"") -> Kompeten | R55: ='EVALUASI KINERJA KUANTI JF'!R55&"" -> 3.
C56: =IF(R56<>"",VLOOKUP(R56,BERAHLAK!$B$5:$C$53,2,FALSE),"") -> - Meningkatkan kompetensi diri untuk menjawab tantangan yang selalu berubah | I56: Ekspektasi Khusus Pimpinan: | N56: =IF(T56<>"",VLOOKUP(T56,'UMPAN-BALIK'!$B$5:$C$53,2,FALSE),"") -> Pimpinan: Memperhatikan pengembangan kompetensi dan selalu memberikan feedback kepada teman dan pimpinan. | R56: ='EVALUASI KINERJA KUANTI JF'!R56&"" -> 3.1 | T56: ='EVALUASI KINERJA KUANTI JF'!T56&"" -> 3.1
C57: =IF(R57<>"",VLOOKUP(R57,BERAHLAK!$B$5:$C$53,2,FALSE),"") -> - Membantu orang lain belajar | I57: =IF(S57<>"",VLOOKUP(S57,BERAHLAK!$E$5:$F$53,2,FALSE),"") -> - Menyelesaikan setiap pekerjaan sesuai dengan target dan standar mutu yang ditetapkan. | R57: ='EVALUASI KINERJA KUANTI JF'!R57&"" -> 3.2 | S57: ='EVALUASI KINERJA KUANTI JF'!S57&"" -> 3.1
C58: =IF(R58<>"",VLOOKUP(R58,BERAHLAK!$B$5:$C$53,2,FALSE),"") -> - Melaksanakan tugas dengan kualitas terbaik | I58: =IF(S58<>"",VLOOKUP(S58,BERAHLAK!$E$5:$F$53,2,FALSE),"") -> - Aktif dalam membagikan informasi kepada teman sejawat atau pihak lainnya yang sifatnya memberikan pengetahuan. | N58: =IF(T58<>"",VLOOKUP(T58,'UMPAN-BALIK'!$B$5:$C$53,2,FALSE),"") -> Pimpinan: Tugas dari pimpinan hampir selalu dikerjakan dengan baik | R58: ='EVALUASI KINERJA KUANTI JF'!R58&"" -> 3.3 | S58: ='EVALUASI KINERJA KUANTI JF'!S58&"" -> 3.2 | T58: ='EVALUASI KINERJA KUANTI JF'!T58&"" -> 3.2
B59: ='SKP JF (KUANTITATIF)'!B52&"" -> 4 | C59: =IF(R59<>"",VLOOKUP(R59,BERAHLAK!$B$5:$C$53,2,FALSE),"") -> Harmonis | R59: ='EVALUASI KINERJA KUANTI JF'!R59&"" -> 4.
C60: =IF(R60<>"",VLOOKUP(R60,BERAHLAK!$B$5:$C$53,2,FALSE),"") -> - Menghargai setiap orang apapun latar belakangnya | I60: Ekspektasi Khusus Pimpinan: | N60: =IF(T60<>"",VLOOKUP(T60,'UMPAN-BALIK'!$B$5:$C$53,2,FALSE),"") -> Pimpinan: Mampu menciptakan lingkungan yang kondusif di tim kerjanya terlihat dari tidak adanya anggota tim / teman sejawat yang berkonflik. | R60: ='EVALUASI KINERJA KUANTI JF'!R60&"" -> 4.1 | T60: ='EVALUASI KINERJA KUANTI JF'!T60&"" -> 4.1
C61: =IF(R61<>"",VLOOKUP(R61,BERAHLAK!$B$5:$C$53,2,FALSE),"") -> - Suka menolong orang lain | I61: =IF(S61<>"",VLOOKUP(S61,BERAHLAK!$E$5:$F$53,2,FALSE),"") -> - Membangun komunikasi yang lebih terbuka dan menjaga hubungan baik dengan stakeholder | R61: ='EVALUASI KINERJA KUANTI JF'!R61&"" -> 4.2 | S61: ='EVALUASI KINERJA KUANTI JF'!S61&"" -> 4.1
C62: =IF(R62<>"",VLOOKUP(R62,BERAHLAK!$B$5:$C$53,2,FALSE),"") -> - Membangun lingkungan kerja yang kondusif | I62: =IF(S62<>"",VLOOKUP(S62,BERAHLAK!$E$5:$F$53,2,FALSE),"") -> - Selalu siap memberi bantuan dengan atau tanpa harus diminta kepada teman sejawat atau pihak yang membutuhkan. | N62: =IF(T62<>"",VLOOKUP(T62,'UMPAN-BALIK'!$B$5:$C$53,2,FALSE),"") | R62: ='EVALUASI KINERJA KUANTI JF'!R62&"" -> 4.3 | S62: ='EVALUASI KINERJA KUANTI JF'!S62&"" -> 4.2 | T62: ='EVALUASI KINERJA KUANTI JF'!T62&""
B63: ='SKP JF (KUANTITATIF)'!B56&"" -> 5 | C63: =IF(R63<>"",VLOOKUP(R63,BERAHLAK!$B$5:$C$53,2,FALSE),"") -> Loyal | R63: ='EVALUASI KINERJA KUANTI JF'!R63&"" -> 5. | T63: ='EVALUASI KINERJA KUANTI JF'!T63&""
C64: =IF(R64<>"",VLOOKUP(R64,BERAHLAK!$B$5:$C$53,2,FALSE),"") -> - Memegang teguh ideologi Pancasila, UUD Negara Republik Indonesia Tahun 1945, setia kepada NKRI serta pemerintahan yang sah. | I64: Ekspektasi Khusus Pimpinan: | N64: =IF(T64<>"",VLOOKUP(T64,'UMPAN-BALIK'!$B$5:$C$53,2,FALSE),"") -> Pimpinan: Arahan pimpinan selalu ditindaklanjuti dengan baik dan progresnya selalu dilaporkan dengan tepat waktu. | R64: ='EVALUASI KINERJA KUANTI JF'!R64&"" -> 5.1 | T64: ='EVALUASI KINERJA KUANTI JF'!T64&"" -> 5.1
C65: =IF(R65<>"",VLOOKUP(R65,BERAHLAK!$B$5:$C$53,2,FALSE),"") -> - Menjaga nama baik sesama ASN, Pimpinan, Instansi, dan Negara | I65: =IF(S65<>"",VLOOKUP(S65,BERAHLAK!$E$5:$F$53,2,FALSE),"") -> - Taat terhadap atasan sesuai dengan Struktur Jabatan pada Instansi pegawai berada | R65: ='EVALUASI KINERJA KUANTI JF'!R65&"" -> 5.2 | S65: ='EVALUASI KINERJA KUANTI JF'!S65&"" -> 5.1
C66: =IF(R66<>"",VLOOKUP(R66,BERAHLAK!$B$5:$C$53,2,FALSE),"") -> - Menjaga rahasia jabatan dan negara | I66: =IF(S66<>"",VLOOKUP(S66,BERAHLAK!$E$5:$F$53,2,FALSE),"") | N66: =IF(T66<>"",VLOOKUP(T66,BERAHLAK!$H$5:$I$53,2,FALSE),"") -> Pimpinan: Selalu siap kapanpun pimpinan membutuhkan, yang bersangkutan siap membantu pimpinan meskipun di luar jam kerja. | R66: ='EVALUASI KINERJA KUANTI JF'!R66&"" -> 5.3 | T66: ='EVALUASI KINERJA KUANTI JF'!T66&"" -> 5.2
B67: ='SKP JF (KUANTITATIF)'!B60&"" -> 6 | C67: =IF(R67<>"",VLOOKUP(R67,BERAHLAK!$B$5:$C$53,2,FALSE),"") -> Adaptif | R67: ='EVALUASI KINERJA KUANTI JF'!R67&"" -> 6.
C68: =IF(R68<>"",VLOOKUP(R68,BERAHLAK!$B$5:$C$53,2,FALSE),"") -> - Cepat menyesuaikan diri menghadapi perubahan | I68: Ekspektasi Khusus Pimpinan: | N68: =IF(T68<>"",VLOOKUP(T68,'UMPAN-BALIK'!$B$5:$C$53,2,FALSE),"") -> Pimpinan: antusias mempelajari hal baru terlihat dari upaya upaya yang bersangkutan ketika mendapat penugasan baru. | R68: ='EVALUASI KINERJA KUANTI JF'!R68&"" -> 6.1 | T68: ='EVALUASI KINERJA KUANTI JF'!T68&"" -> 6.1
C69: =IF(R69<>"",VLOOKUP(R69,BERAHLAK!$B$5:$C$53,2,FALSE),"") -> - Terus berinovasi dan mengembangkan kreativitas | I69: =IF(S69<>"",VLOOKUP(S69,BERAHLAK!$E$5:$F$53,2,FALSE),"") -> - Tidak mengimplementasikan perkembangan teknologi untuk memperbaiki metode dan proses kerja. | R69: ='EVALUASI KINERJA KUANTI JF'!R69&"" -> 6.2 | S69: ='EVALUASI KINERJA KUANTI JF'!S69&"" -> 6.1.1
C70: =IF(R70<>"",VLOOKUP(R70,BERAHLAK!$B$5:$C$53,2,FALSE),"") -> - Bertindak proaktif | I70: =IF(S70<>"",VLOOKUP(S70,BERAHLAK!$E$5:$F$53,2,FALSE),"") | N70: =IF(T70<>"",VLOOKUP(T70,'UMPAN-BALIK'!$B$5:$C$53,2,FALSE),"") -> Pimpinan: Ketika ada perubahan arah strategi dari pimpinan langsung ditindaklanjuti dengan penyesuaian dan resisten. | R70: ='EVALUASI KINERJA KUANTI JF'!R70&"" -> 6.3 | T70: ='EVALUASI KINERJA KUANTI JF'!T70&"" -> 6.2
B71: ='SKP JF (KUANTITATIF)'!B64&"" -> 7 | C71: =IF(R71<>"",VLOOKUP(R71,BERAHLAK!$B$5:$C$53,2,FALSE),"") -> Kolaboratif | R71: ='EVALUASI KINERJA KUANTI JF'!R71&"" -> 7. | S71: =IF(S78="Sangat Baik","C",IF(S78="Baik","J",IF(S78="Cukup","K",IF(S78="Kurang","L","")))) -> C
C72: =IF(R72<>"",VLOOKUP(R72,BERAHLAK!$B$5:$C$53,2,FALSE),"") -> - Memberi kesempatan kepada berbagai pihak untuk berkontribusi | I72: Ekspektasi Khusus Pimpinan: | N72: =IF(T72<>"",VLOOKUP(T72,'UMPAN-BALIK'!$B$5:$C$53,2,FALSE),"") -> Teman sejawat: Sangat terbuka terhadap masukan dari teman sejawat karena ketika dialog selalu 2 arah. | R72: ='EVALUASI KINERJA KUANTI JF'!R72&"" -> 7.1 | T72: ='EVALUASI KINERJA KUANTI JF'!T72&"" -> 7.1
C73: =IF(R73<>"",VLOOKUP(R73,BERAHLAK!$B$5:$C$53,2,FALSE),"") -> - Terbuka dalam bekerja sama untuk menghasilkan nilai tambah | I73: =IF(S73<>"",VLOOKUP(S73,BERAHLAK!$E$5:$F$53,2,FALSE),"") -> - Aktif berpartisipasi sesuai keahliannya pada project unit kerja | R73: ='EVALUASI KINERJA KUANTI JF'!R73&"" -> 7.2 | S73: ='EVALUASI KINERJA KUANTI JF'!S73&"" -> 7.1
C74: =IF(R74<>"",VLOOKUP(R74,BERAHLAK!$B$5:$C$53,2,FALSE),"") -> - Menggerakkan pemanfaatan berbagai sumberdaya untuk tujuan bersama | I74: =IF(S74<>"",VLOOKUP(S74,BERAHLAK!$E$5:$F$53,2,FALSE),"") -> - Aktif berkontribusi sesuai keahliannya pada project unit kerja | N74: =IF(T74<>"",VLOOKUP(T74,BERAHLAK!$H$5:$I$53,2,FALSE),"") | R74: ='EVALUASI KINERJA KUANTI JF'!R74&"" -> 7.3 | S74: ='EVALUASI KINERJA KUANTI JF'!S74&"" -> 7.2 | T74: ='EVALUASI KINERJA KUANTI JF'!T74&""
B75: RATING PERILAKU KERJA* | R75: ='EVALUASI KINERJA KUANTI JF'!R75&"" -> 21 | S75: ='EVALUASI KINERJA KUANTI JF'!S75&"" -> 10
B76: ='EVALUASI KINERJA KUANTI JF'!B76 -> SESUAI EKSPEKTASI | R76: =COUNTA(R48:R50,R52:R54,R56:R58,R60:R62,R64:R66,R68:R70,R72:R74) -> 21 | S76: =COUNTA(S49:S50,S53,S57:S58,S61:S62,S65,S69,S73:S74) -> 11
B77: PREDIKAT KINERJA PEGAWAI* | R77: =(R75/R76)*100 -> 100 | S77: =(S75/S76)*100 -> 90.909091
B78: =VLOOKUP(B45&B76,KUADRAN!$D$4:$E$21,2,0) -> BAIK | R78: =AVERAGE(R77:S77) -> 95.454545 | S78: =IF(R78<=50,("Buruk"),IF(R78<=60,("Kurang"),IF(R78<=75,("Cukup"),IF(R78<=90,("Baik"),("Sangat Baik"))))) -> Sangat Baik
J82: ='00 DATA'!N8&", "&'00 DATA'!N9&"" -> Kotabumi , 31 Desember 2022
J83: Pejabat Penilai Kinerja
J87: ="("&L9&")" -> (TUTI ROSPASARI, S.Pd. M.Pd.)
J88: ="NIP. "&L10&"" -> NIP. 19721025 199802 2 003

Sheet DOK. EVALUASI KINERJA PEGAWAI
F1: HOME
F2: NEXT
B10: DOKUMEN EVALUASI KINERJA PEGAWAI
B12: PERIODE: TRIWULAN I/II/III/IV/TAHUNAN*
B14: ='SKP JF (KUANTITATIF)'!B6&"" -> DINAS PENDIDIKAN KAB. LAMPUNG UTARA | D14: ="PERIODE PENILAIAN: " -> PERIODE PENILAIAN:
D15: ='EVALUASI KINERJA KUANTI JF (2)'!K7&"" -> 01 JANUARI 2022 S.D 31 DESEMBER 2022
B16: 1. | C16: PEGAWAI YANG DINILAI
C17: NAMA | D17: : | E17: ='SKP JF (KUANTITATIF)'!D8&"" -> RUSLAN, S.Pd
C18: NIP | D18: : | E18: ='SKP JF (KUANTITATIF)'!D9&"" -> 19660625 199112 1 001
C19: PANGKAT/GOL. RUANG | D19: : | E19: ='SKP JF (KUANTITATIF)'!D10&"" -> PEMBINA TK.I/ IV.b
C20: JABATAN | D20: : | E20: ='SKP JF (KUANTITATIF)'!D11&"" -> KEPALA SEKOLAH
C21: UNIT KERJA | D21: : | E21: ='SKP JF (KUANTITATIF)'!D12&"" -> UPTD SDN 1 KOTABUMI TENGAH KAB. LAMPUNG UTARA
B22: 2. | C22: PEJABAT PENILAI KINERJA
C23: NAMA | D23: : | E23: ='EVALUASI KINERJA KUANTI JF'!L9&"" -> TUTI ROSPASARI, S.Pd. M.Pd.
C24: NIP | D24: : | E24: ='EVALUASI KINERJA KUANTI JF'!L10&"" -> 19721025 199802 2 003
C25: PANGKAT/GOL. RUANG | D25: : | E25: ='EVALUASI KINERJA KUANTI JF'!L11&"" -> PEMBINA TK.I (IV/b)
C26: JABATAN | D26: : | E26: ='EVALUASI KINERJA KUANTI JF'!L12&"" -> SEKRETARIS DINAS
C27: UNIT KERJA | D27: : | E27: ='EVALUASI KINERJA KUANTI JF'!L13&"" -> DINAS PENDIDIKAN KAB. LAMPUNG UTARA
B28: 3. | C28: ATASAN PEJABAT PENILAI KINERJA
C29: NAMA | D29: : | E29: ='00 DATA'!F20&"" -> SUKATNO, S.H.
C30: NIP | D30: : | E30: ='00 DATA'!F21&"" -> 19721001 199201 1 002
C31: PANGKAT/GOL. RUANG | D31: : | E31: ='00 DATA'!F22&"" -> PEMBINA TK.I (IV/b)
C32: JABATAN | D32: : | E32: ='00 DATA'!F23&"" -> KEPALA DINAS
C33: UNIT KERJA | D33: : | E33: ='00 DATA'!F24&" "&'00 DATA'!D25&" "&'00 DATA'!F25&"" -> DINAS PENDIDIKAN KAB. LAMPUNG UTARA
B34: 4. | C34: EVALUASI KINERJA
C35: CAPAIAN KINERJA ORGANISASI | D35: : | E35: ='EVALUASI KINERJA KUANTI JF'!B15&"" -> BAIK
C36: PREDIKAT KINERJA PEGAWAI | D36: : | E36: ='EVALUASI KINERJA KUANTI JF'!B78&"" -> BAIK
B37: 5. | C37: CATATAN/REKOMENDASI
C42: ='00 DATA'!N8&", "&'00 DATA'!N10&"" -> Kotabumi , 09 Januari 2023 | E42: ='00 DATA'!N8&", "&'00 DATA'!N9&"" -> Kotabumi , 31 Desember 2022
C43: 7. Pegawai yang Dinilai | E43: 6. Pejabat Penilai Kinerja
B47: ="("&E17&")"&"" -> (RUSLAN, S.Pd) | E47: ="("&E23&")"&"" -> (TUTI ROSPASARI, S.Pd. M.Pd.)
B48: ="NIP. "&E18&"" -> NIP. 19660625 199112 1 001 | E48: ="NIP. "&E24&"" -> NIP. 19721025 199802 2 003

Sheet DOK. EVALUASI KINERJA PEGAW (2
F1: HOME
F2: BACK
B10: DOKUMEN EVALUASI KINERJA PEGAWAI
B12: PERIODE: TRIWULAN I/II/III/IV/TAHUNAN*
B14: ='SKP JF (KUANTITATIF)'!B6&"" -> DINAS PENDIDIKAN KAB. LAMPUNG UTARA | D14: ="PERIODE PENILAIAN: " -> PERIODE PENILAIAN:
D15: ='DOK. EVALUASI KINERJA PEGAWAI'!D15:E15&"" -> 01 JANUARI 2022 S.D 31 DESEMBER 2022
B16: 1. | C16: PEGAWAI YANG DINILAI
C17: NAMA | D17: : | E17: ='SKP JF (KUANTITATIF)'!D8&"" -> RUSLAN, S.Pd
C18: NIP | D18: : | E18: ='SKP JF (KUANTITATIF)'!D9&"" -> 19660625 199112 1 001
C19: PANGKAT/GOL. RUANG | D19: : | E19: ='SKP JF (KUANTITATIF)'!D10&"" -> PEMBINA TK.I/ IV.b
C20: JABATAN | D20: : | E20: ='SKP JF (KUANTITATIF)'!D11&"" -> KEPALA SEKOLAH
C21: UNIT KERJA | D21: : | E21: ='SKP JF (KUANTITATIF)'!D12&"" -> UPTD SDN 1 KOTABUMI TENGAH KAB. LAMPUNG UTARA
B22: 2. | C22: PEJABAT PENILAI KINERJA
C23: NAMA | D23: : | E23: ='EVALUASI KINERJA KUANTI JF'!L9&"" -> TUTI ROSPASARI, S.Pd. M.Pd.
C24: NIP | D24: : | E24: ='EVALUASI KINERJA KUANTI JF'!L10&"" -> 19721025 199802 2 003
C25: PANGKAT/GOL. RUANG | D25: : | E25: ='EVALUASI KINERJA KUANTI JF'!L11&"" -> PEMBINA TK.I (IV/b)
C26: JABATAN | D26: : | E26: ='EVALUASI KINERJA KUANTI JF'!L12&"" -> SEKRETARIS DINAS
C27: UNIT KERJA | D27: : | E27: ='EVALUASI KINERJA KUANTI JF'!L13&"" -> DINAS PENDIDIKAN KAB. LAMPUNG UTARA
B28: 3. | C28: ATASAN PEJABAT PENILAI KINERJA
C29: NAMA | D29: : | E29: ='00 DATA'!F20&"" -> SUKATNO, S.H.
C30: NIP | D30: : | E30: ='00 DATA'!F21&"" -> 19721001 199201 1 002
C31: PANGKAT/GOL. RUANG | D31: : | E31: ='00 DATA'!F22&"" -> PEMBINA TK.I (IV/b)
C32: JABATAN | D32: : | E32: ='00 DATA'!F23&"" -> KEPALA DINAS
C33: UNIT KERJA | D33: : | E33: ='00 DATA'!F24&" "&'00 DATA'!D25&" "&'00 DATA'!F25&"" -> DINAS PENDIDIKAN KAB. LAMPUNG UTARA
B34: 4. | C34: EVALUASI KINERJA
C35: CAPAIAN KINERJA ORGANISASI | D35: : | E35: ='EVALUASI KINERJA KUANTI JF'!B15&"" -> BAIK
C36: PREDIKAT KINERJA PEGAWAI | D36: : | E36: ='EVALUASI KINERJA KUANTI JF'!B78&"" -> BAIK
B37: 5. | C37: CATATAN/REKOMENDASI
B39: 6. | C39: KEBERATAN
B41: 7. | C41: PENJELASAN PEJABAT PENILAI KINERJA ATAS KEBERATAN
B43: 8. | C43: KEPUTUSAN DAN REKOMENDASI ATASAN PEJABAT PENILAI KINERJA
C46: ='00 DATA'!N8&", "&'00 DATA'!N10&"" -> Kotabumi , 09 Januari 2023 | E46: ='00 DATA'!N8&", "&'00 DATA'!N9&"" -> Kotabumi , 31 Desember 2022
C47: 10. Pegawai yang Dinilai | E47: 9. Pejabat Penilai Kinerja
B51: ="("&E17&")"&"" -> (RUSLAN, S.Pd) | E51: ="("&E23&")"&"" -> (TUTI ROSPASARI, S.Pd. M.Pd.)
B52: ="NIP. "&E18&"" -> NIP. 19660625 199112 1 001 | E52: ="NIP. "&E24&"" -> NIP. 19721025 199802 2 003
D54: ='00 DATA'!N8&", "&'00 DATA'!N11&"" -> Kotabumi , 09 Januari 2023
D55: 11. Atasan Pejabat Penilai Kinerja
D59: =E29&"" -> SUKATNO, S.H.
D60: ="NIP."&E30&"" -> NIP.19721001 199201 1 002

Sheet EVALUASI KINERJA KUANTI JF
A1: A | O1: HOME
B2: EVALUASI KINERJA PEGAWAI
B3: ='SKP JF (KUANTITATIF)'!B3&"" -> JABATAN FUNGSIONAL KEPALA SEKOLAH
B4: PENDEKATAN HASIL KERJA KUANTITATIF
B6: PERIODE: TRIWULAN I/II/III/IV-AKHIR*
B7: ='SKP JF (KUANTITATIF)'!B6&"" -> DINAS PENDIDIKAN KAB. LAMPUNG UTARA | H7: PERIODE PENILAIAN: | K7: ='SKP JF (KUANTITATIF)'!H6&"" -> 01 JANUARI 2022 S.D 31 DESEMBER 2022
B8: NO. | C8: PEGAWAI YANG DINILAI | H8: NO. | I8: PEJABAT PENILAI KINERJA
B9: 1 | C9: NAMA | E9: ='SKP JF (KUANTITATIF)'!D8&"" -> RUSLAN, S.Pd | H9: 1 | I9: NAMA | L9: =IF(A1="A",'00 DATA'!F12,IF(A1="B",'00 DATA'!N20,"")) -> TUTI ROSPASARI, S.Pd. M.Pd.
B10: 2 | C10: NIP | E10: ='SKP JF (KUANTITATIF)'!D9&"" -> 19660625 199112 1 001 | H10: 2 | I10: NIP | L10: =IF(A1="A",'00 DATA'!F13,IF(A1="B",'00 DATA'!N21,"")) -> 19721025 199802 2 003
B11: 3 | C11: PANGKAT/GOL. RUANG | E11: ='SKP JF (KUANTITATIF)'!D10&"" -> PEMBINA TK.I/ IV.b | H11: 3 | I11: PANGKAT/GOL.RUANG | L11: =IF(A1="A",'00 DATA'!F14,IF(A1="B",'00 DATA'!N22,"")) -> PEMBINA TK.I (IV/b)
B12: 4 | C12: JABATAN | E12: ='SKP JF (KUANTITATIF)'!D11&"" -> KEPALA SEKOLAH | H12: 4 | I12: JABATAN | L12: =IF(A1="A",'00 DATA'!F15,IF(A1="B",'00 DATA'!N23,"")) -> SEKRETARIS DINAS
B13: 5 | C13: UNIT KERJA | E13: ='SKP JF (KUANTITATIF)'!D12&"" -> UPTD SDN 1 KOTABUMI TENGAH KAB. LAMPUNG UTARA | H13: 5 | I13: INSTANSI | L13: =IF(A1="A",'00 DATA'!F16&" "&'00 DATA'!D17&" "&'00 DATA'!F17&"",IF(A1="B",'00 DATA'!N24&" "&'00 DATA'!L25&" "&'00 DATA'!N25,"")) -> DINAS PENDIDIKAN KAB. LAMPUNG UTARA
B14: CAPAIAN KINERJA ORGANISASI*
B15: ='00 DATA'!P6&"" -> BAIK
B16: POLA DISTRIBUSI:
B18: HASIL KERJA
B19: NO. | C19: RENCANA HASIL KERJA PIMPINAN YANG DIINTERVENSI | D19: RENCANA HASIL KERJA | F19: ASPEK | G19: INDIKATOR KINERJA INDIVIDU | J19: TARGET | K19: REALISASI BERDASARKAN BUKTI DUKUNG | M19: UMPAN BALIK BERKELANJUTAN BERDASARKAN BUKTI DUKUNG
B20: (1) | C20: (2) | D20: (3) | F20: (4) | G20: (5) | J20: (6) | K20: (7) | N20: (8)
B21: A. UTAMA | S21: 91-100 | T21: 76-90 | U21: 61-75 | V21: 51-60
B22: ='SKP JF (KUANTITATIF)'!B17&"" -> 1 | C22: ='SKP JF (KUANTITATIF)'!C17&"" -> Meningkatnya aksesibilitas dan kualitas Pendidikan Dasar Dinas Pendidikan Kab. Lampung Utara | D22: ='SKP JF (KUANTITATIF)'!D17&"" -> Dokumen Program Kerja Sekolah dalam bidang Manajerial, Kewirausahaan, Supervisi Guru dan Tendik dalam penyelenggaraan dan atau pengelolaan Sekolah. | F22: ='SKP JF (KUANTITATIF)'!G17&"" -> Kuantitas | G22: ='SKP JF (KUANTITATIF)'!H17&"" -> Jumlah Dokumen Program | I22: ='SKP JF (KUANTITATIF)'!J17&"" -> 2 | J22: ='SKP JF (KUANTITATIF)'!K17&"" -> Dokumen | K22: 2 | L22: =IF(K22>=1,"berdasarkan penilaian pimpinan","") -> berdasarkan penilaian pimpinan | M22: =IF(Q22="Sangat Baik","C",IF(Q22="Baik","J",IF(Q22="Cukup","K",IF(Q22="Kurang","L","")))) -> C | N22: =IF(K22="","",IF(Q22="Sangat Baik","Bagus, sudah amat baik, pertahankan.",IF(Q22="Baik","Bagus, sudah baik, dapat lebih ditingkatkan.",IF(Q22="Cukup","Cukup baik, ada baiknya perlu sekali ditingkatkan.",IF(Q22="Kurang","Kurang, sangat perlu perbaikan secara menyeluruh.",""))))) -> Bagus, sudah amat baik, pertahankan. | P22: =(K22/I22)*100 -> 100 | Q22: =IF(P22<=50,("Buruk"),IF(P22<=60,("Kurang"),IF(P22<=75,("Cukup"),IF(P22<=90,("Baik"),("Sangat Baik"))))) -> Sangat Baik | S22: C | T22: J | U22: K | V22: L
F23: ='SKP JF (KUANTITATIF)'!G18&"" -> Kualitas | G23: ='SKP JF (KUANTITATIF)'!H18&"" -> Program Pengawasan dan Program Bimlat Guru / Kepala Sekolah. | I23: ='SKP JF (KUANTITATIF)'!J18 -> 0.95 | J23: ='SKP JF (KUANTITATIF)'!K18&"" -> (Persen) | K23: 0.9 | L23: =IF(K23>=1%,"berdasarkan penilaian pimpinan","") -> berdasarkan penilaian pimpinan | M23: =IF(Q23="Sangat Baik","C",IF(Q23="Baik","J",IF(Q23="Cukup","K",IF(Q23="Kurang","L","")))) -> C | N23: =IF(K23="","",IF(Q23="Sangat Baik","Bagus, sudah amat baik, pertahankan.",IF(Q23="Baik","Bagus, sudah baik, dapat lebih ditingkatkan.",IF(Q23="Cukup","Cukup baik, ada baiknya perlu sekali ditingkatkan.",IF(Q23="Kurang","Kurang, sangat perlu perbaikan secara menyeluruh.",""))))) -> Bagus, sudah amat baik, pertahankan. | P23: =(K23/I23)*100 -> 94.736842 | Q23: =IF(P23<=50,("Buruk"),IF(P23<=60,("Kurang"),IF(P23<=75,("Cukup"),IF(P23<=90,("Baik"),("Sangat Baik"))))) -> Sangat Baik | S23: Sangat Baik | T23: Baik | U23: Cukup | V23: Kurang
F24: ='SKP JF (KUANTITATIF)'!G19&"" -> Waktu | G24: ='SKP JF (KUANTITATIF)'!H19&"" -> Ketepatan waktu pelaksanaan kegiatan. | I24: ='SKP JF (KUANTITATIF)'!J19 -> 1 | J24: ='SKP JF (KUANTITATIF)'!K19&"" -> Bulan | K24: 1 | L24: =IF(K24>=1,"bulan berdasarkan waktu kegiatan","") -> bulan berdasarkan waktu kegiatan | M24: =IF(Q24="Sangat Baik","C",IF(Q24="Baik","J",IF(Q24="Cukup","K",IF(Q24="Kurang","L","")))) -> C | N24: =IF(K24="","",IF(Q24="Sangat Baik","Bagus, sudah amat baik, pertahankan.",IF(Q24="Baik","Bagus, sudah baik, dapat lebih ditingkatkan.",IF(Q24="Cukup","Cukup baik, ada baiknya perlu sekali ditingkatkan.",IF(Q24="Kurang","Kurang, sangat perlu perbaikan secara menyeluruh.",""))))) -> Bagus, sudah amat baik, pertahankan. | P24: =(K24/I24)*100 -> 100 | Q24: =IF(P24<=50,("Buruk"),IF(P24<=60,("Kurang"),IF(P24<=75,("Cukup"),IF(P24<=90,("Baik"),("Sangat Baik"))))) -> Sangat Baik | T24: Chek | U24: 91 | V24: =IF(U24<=50,("Buruk"),IF(U24<=60,("Kurang"),IF(U24<=75,("Cukup"),IF(U24<=90,("Baik"),("Sangat Baik"))))) -> Sangat Baik
B25: ='SKP JF (KUANTITATIF)'!B20&"" -> 2 | C25: ='SKP JF (KUANTITATIF)'!C20&"" -> Meningkatnya aksesibilitas dan kualitas Pendidikan Dasar Dinas Pendidikan Kab. Lampung Utara | D25: ='SKP JF (KUANTITATIF)'!D20&"" -> Laporan pelaksanaan tugas pokok kepala sekolah (Manajerial, Kewirausahaan, Supervisi Guru dan Tendik) dalam penyelenggaraan dan atau pengelolaan Sekolah. | F25: ='SKP JF (KUANTITATIF)'!G20&"" -> Kuantitas | G25: ='SKP JF (KUANTITATIF)'!H20&"" -> Jumlah Laporan Pengawasan | I25: ='SKP JF (KUANTITATIF)'!J20 -> 1 | J25: ='SKP JF (KUANTITATIF)'!K20&"" -> Laporan | K25: 1 | L25: =IF(K25>=1,"berdasarkan penilaian pimpinan","") -> berdasarkan penilaian pimpinan | M25: =IF(Q25="Sangat Baik","C",IF(Q25="Baik","J",IF(Q25="Cukup","K",IF(Q25="Kurang","L","")))) -> C | N25: =IF(K25="","",IF(Q25="Sangat Baik","Bagus, sudah amat baik, pertahankan.",IF(Q25="Baik","Bagus, sudah baik, dapat lebih ditingkatkan.",IF(Q25="Cukup","Cukup baik, ada baiknya perlu sekali ditingkatkan.",IF(Q25="Kurang","Kurang, sangat perlu perbaikan secara menyeluruh.",""))))) -> Bagus, sudah amat baik, pertahankan. | P25: =(K25/I25)*100 -> 100 | Q25: =IF(P25<=50,("Buruk"),IF(P25<=60,("Kurang"),IF(P25<=75,("Cukup"),IF(P25<=90,("Baik"),("Sangat Baik"))))) -> Sangat Baik
F26: ='SKP JF (KUANTITATIF)'!G21&"" -> Kualitas | G26: ='SKP JF (KUANTITATIF)'!H21&"" -> Materi Pengawasan, instrumen, daftar hadir, suket kegiatan dari KS. | I26: ='SKP JF (KUANTITATIF)'!J21 -> 0.95 | J26: ='SKP JF (KUANTITATIF)'!K21&"" -> (Persen) | K26: 0.9 | L26: =IF(K26>=1%,"berdasarkan penilaian pimpinan","") -> berdasarkan penilaian pimpinan | M26: =IF(Q26="Sangat Baik","C",IF(Q26="Baik","J",IF(Q26="Cukup","K",IF(Q26="Kurang","L","")))) -> C | N26: =IF(K26="","",IF(Q26="Sangat Baik","Bagus, sudah amat baik, pertahankan.",IF(Q26="Baik","Bagus, sudah baik, dapat lebih ditingkatkan.",IF(Q26="Cukup","Cukup baik, ada baiknya perlu sekali ditingkatkan.",IF(Q26="Kurang","Kurang, sangat perlu perbaikan secara menyeluruh.",""))))) -> Bagus, sudah amat baik, pertahankan. | P26: =(K26/I26)*100 -> 94.736842 | Q26: =IF(P26<=50,("Buruk"),IF(P26<=60,("Kurang"),IF(P26<=75,("Cukup"),IF(P26<=90,("Baik"),("Sangat Baik"))))) -> Sangat Baik
F27: ='SKP JF (KUANTITATIF)'!G22&"" -> Waktu | G27: ='SKP JF (KUANTITATIF)'!H22&"" -> Ketepatan waktu pelaksanaan kegiatan. | I27: ='SKP JF (KUANTITATIF)'!J22 -> 12 | J27: ='SKP JF (KUANTITATIF)'!K22&"" -> Bulan | K27: 12 | L27: =IF(K27>=1,"bulan berdasarkan waktu kegiatan","") -> bulan berdasarkan waktu kegiatan | M27: =IF(Q27="Sangat Baik","C",IF(Q27="Baik","J",IF(Q27="Cukup","K",IF(Q27="Kurang","L","")))) -> C | N27: =IF(K27="","",IF(Q27="Sangat Baik","Bagus, sudah amat baik, pertahankan.",IF(Q27="Baik","Bagus, sudah baik, dapat lebih ditingkatkan.",IF(Q27="Cukup","Cukup baik, ada baiknya perlu sekali ditingkatkan.",IF(Q27="Kurang","Kurang, sangat perlu perbaikan secara menyeluruh.",""))))) -> Bagus, sudah amat baik, pertahankan. | P27: =(K27/I27)*100 -> 100 | Q27: =IF(P27<=50,("Buruk"),IF(P27<=60,("Kurang"),IF(P27<=75,("Cukup"),IF(P27<=90,("Baik"),("Sangat Baik"))))) -> Sangat Baik
B28: ='SKP JF (KUANTITATIF)'!B23&"" -> 3 | C28: ='SKP JF (KUANTITATIF)'!C23&"" -> Laporan Pelaksanaan kegiatan Program Peningkatan aksesibilitas dan kualitas pendidikan Dinas Pendidikan Kab. Lampung Utara | D28: ='SKP JF (KUANTITATIF)'!D23&"" -> Laporan Evaluasi dan ketercapaian program kerja pelaksanaan tugas pokok kepala sekolah (Manajerial, Kewirausahaan, Supervisi) dalam bentuk EDS dan atau Analisis Hasil Rapor Pendidikan (PBD). | F28: ='SKP JF (KUANTITATIF)'!G23&"" -> Kuantitas | G28: ='SKP JF (KUANTITATIF)'!H23&"" -> Jumlah Laporan Bimlat Guru dan KS. | I28: ='SKP JF (KUANTITATIF)'!J23 -> 1 | J28: ='SKP JF (KUANTITATIF)'!K23&"" -> Laporan | K28: 1 | L28: =IF(K28>=1,"berdasarkan penilaian pimpinan","") -> berdasarkan penilaian pimpinan | M28: =IF(Q28="Sangat Baik","C",IF(Q28="Baik","J",IF(Q28="Cukup","K",IF(Q28="Kurang","L","")))) -> C | N28: =IF(K28="","",IF(Q28="Sangat Baik","Bagus, sudah amat baik, pertahankan.",IF(Q28="Baik","Bagus, sudah baik, dapat lebih ditingkatkan.",IF(Q28="Cukup","Cukup baik, ada baiknya perlu sekali ditingkatkan.",IF(Q28="Kurang","Kurang, sangat perlu perbaikan secara menyeluruh.",""))))) -> Bagus, sudah amat baik, pertahankan. | P28: =(K28/I28)*100 -> 100 | Q28: =IF(P28<=50,("Buruk"),IF(P28<=60,("Kurang"),IF(P28<=75,("Cukup"),IF(P28<=90,("Baik"),("Sangat Baik"))))) -> Sangat Baik
F29: ='SKP JF (KUANTITATIF)'!G24&"" -> Kualitas | G29: ='SKP JF (KUANTITATIF)'!H24&"" -> Materi Instrumen Pengawasan sekolah, daftar hadir, suket dari KS. | I29: ='SKP JF (KUANTITATIF)'!J24 -> 0.95 | J29: ='SKP JF (KUANTITATIF)'!K24&"" -> (Persen) | K29: 0.9 | L29: =IF(K29>=1%,"berdasarkan penilaian pimpinan","") -> berdasarkan penilaian pimpinan | M29: =IF(Q29="Sangat Baik","C",IF(Q29="Baik","J",IF(Q29="Cukup","K",IF(Q29="Kurang","L","")))) -> C | N29: =IF(K29="","",IF(Q29="Sangat Baik","Bagus, sudah amat baik, pertahankan.",IF(Q29="Baik","Bagus, sudah baik, dapat lebih ditingkatkan.",IF(Q29="Cukup","Cukup baik, ada baiknya perlu sekali ditingkatkan.",IF(Q29="Kurang","Kurang, sangat perlu perbaikan secara menyeluruh.",""))))) -> Bagus, sudah amat baik, pertahankan. | P29: =(K29/I29)*100 -> 94.736842 | Q29: =IF(P29<=50,("Buruk"),IF(P29<=60,("Kurang"),IF(P29<=75,("Cukup"),IF(P29<=90,("Baik"),("Sangat Baik"))))) -> Sangat Baik
F30: ='SKP JF (KUANTITATIF)'!G25&"" -> Waktu | G30: ='SKP JF (KUANTITATIF)'!H25&"" -> Ketepatan waktu pelaksanaan kegiatan. | I30: ='SKP JF (KUANTITATIF)'!J25 -> 6 | J30: ='SKP JF (KUANTITATIF)'!K25&"" -> Bulan | K30: 6 | L30: =IF(K30>=1,"bulan berdasarkan waktu kegiatan","") -> bulan berdasarkan waktu kegiatan | M30: =IF(Q30="Sangat Baik","C",IF(Q30="Baik","J",IF(Q30="Cukup","K",IF(Q30="Kurang","L","")))) -> C | N30: =IF(K30="","",IF(Q30="Sangat Baik","Bagus, sudah amat baik, pertahankan.",IF(Q30="Baik","Bagus, sudah baik, dapat lebih ditingkatkan.",IF(Q30="Cukup","Cukup baik, ada baiknya perlu sekali ditingkatkan.",IF(Q30="Kurang","Kurang, sangat perlu perbaikan secara menyeluruh.",""))))) -> Bagus, sudah amat baik, pertahankan. | P30: =(K30/I30)*100 -> 100 | Q30: =IF(P30<=50,("Buruk"),IF(P30<=60,("Kurang"),IF(P30<=75,("Cukup"),IF(P30<=90,("Baik"),("Sangat Baik"))))) -> Sangat Baik
B31: ='SKP JF (KUANTITATIF)'!B26&"" -> 4 | C31: ='SKP JF (KUANTITATIF)'!C26&"" -> Laporan Evaluasi Hasil Program Peningkatan aksesibilitas dan kualitas sesuai peraturan yang berlaku secara efektif dan efisien. | D31: ='SKP JF (KUANTITATIF)'!D26&"" -> Laporan Pengembangan Keprofesian Berkelanjutan Kepala Sekolah dalam bentuk Diklat fungsional kepala sekolah dan atau Karya Tulis Ilmiah Kepala Sekolah. | F31: ='SKP JF (KUANTITATIF)'!G26&"" -> Kuantitas | G31: ='SKP JF (KUANTITATIF)'!H26&"" -> Jumlah Laporan Evaluasi Pengawasan | I31: ='SKP JF (KUANTITATIF)'!J26 -> 1 | J31: ='SKP JF (KUANTITATIF)'!K26&"" -> Laporan | K31: 1 | L31: =IF(K31>=1,"berdasarkan penilaian pimpinan","") -> berdasarkan penilaian pimpinan | M31: =IF(Q31="Sangat Baik","C",IF(Q31="Baik","J",IF(Q31="Cukup","K",IF(Q31="Kurang","L","")))) -> C | N31: =IF(K31="","",IF(Q31="Sangat Baik","Bagus, sudah amat baik, pertahankan.",IF(Q31="Baik","Bagus, sudah baik, dapat lebih ditingkatkan.",IF(Q31="Cukup","Cukup baik, ada baiknya perlu sekali ditingkatkan.",IF(Q31="Kurang","Kurang, sangat perlu perbaikan secara menyeluruh.",""))))) -> Bagus, sudah amat baik, pertahankan. | P31: =(K31/I31)*100 -> 100 | Q31: =IF(P31<=50,("Buruk"),IF(P31<=60,("Kurang"),IF(P31<=75,("Cukup"),IF(P31<=90,("Baik"),("Sangat Baik"))))) -> Sangat Baik
F32: ='SKP JF (KUANTITATIF)'!G27&"" -> Kualitas | G32: ='SKP JF (KUANTITATIF)'!H27&"" -> Instrumen Evaluasi Pengawasan, dafhad, suket kegiatan dari KS. | I32: ='SKP JF (KUANTITATIF)'!J27 -> 0.95 | J32: ='SKP JF (KUANTITATIF)'!K27&"" -> (Persen) | K32: 0.85 | L32: =IF(K32>=1%,"berdasarkan penilaian pimpinan","") -> berdasarkan penilaian pimpinan | M32: =IF(Q32="Sangat Baik","C",IF(Q32="Baik","J",IF(Q32="Cukup","K",IF(Q32="Kurang","L","")))) -> J | N32: =IF(K32="","",IF(Q32="Sangat Baik","Bagus, sudah amat baik, pertahankan.",IF(Q32="Baik","Bagus, sudah baik, dapat lebih ditingkatkan.",IF(Q32="Cukup","Cukup baik, ada baiknya perlu sekali ditingkatkan.",IF(Q32="Kurang","Kurang, sangat perlu perbaikan secara menyeluruh.",""))))) -> Bagus, sudah baik, dapat lebih ditingkatkan. | P32: =(K32/I32)*100 -> 89.473684 | Q32: =IF(P32<=50,("Buruk"),IF(P32<=60,("Kurang"),IF(P32<=75,("Cukup"),IF(P32<=90,("Baik"),("Sangat Baik"))))) -> Baik
F33: ='SKP JF (KUANTITATIF)'!G28&"" -> Waktu | G33: ='SKP JF (KUANTITATIF)'!H28&"" -> Ketepatan waktu pelaksanaan kegiatan. | I33: ='SKP JF (KUANTITATIF)'!J28 -> 2 | J33: ='SKP JF (KUANTITATIF)'!K28&"" -> Bulan | K33: 2 | L33: =IF(K33>=1,"bulan berdasarkan waktu kegiatan","") -> bulan berdasarkan waktu kegiatan | M33: =IF(Q33="Sangat Baik","C",IF(Q33="Baik","J",IF(Q33="Cukup","K",IF(Q33="Kurang","L","")))) -> C | N33: =IF(K33="","",IF(Q33="Sangat Baik","Bagus, sudah amat baik, pertahankan.",IF(Q33="Baik","Bagus, sudah baik, dapat lebih ditingkatkan.",IF(Q33="Cukup","Cukup baik, ada baiknya perlu sekali ditingkatkan.",IF(Q33="Kurang","Kurang, sangat perlu perbaikan secara menyeluruh.",""))))) -> Bagus, sudah amat baik, pertahankan. | P33: =(K33/I33)*100 -> 100 | Q33: =IF(P33<=50,("Buruk"),IF(P33<=60,("Kurang"),IF(P33<=75,("Cukup"),IF(P33<=90,("Baik"),("Sangat Baik"))))) -> Sangat Baik
B34: ='SKP JF (KUANTITATIF)'!B29&"" -> 5 | C34: ='SKP JF (KUANTITATIF)'!C29&"" -> Dokumen kegiatan peningkatan kompetensi dan pengembangan karir ASN di lingkungan Dinas Pendidikan Kab. Lampung Utara | D34: ='SKP JF (KUANTITATIF)'!D29&"" -> Dokumen kegiatan tugas tambahan sebagai Pengurus atau MKKS/KKKS Kab. Lampung Utara | F34: ='SKP JF (KUANTITATIF)'!G29&"" -> Kuantitas | G34: ='SKP JF (KUANTITATIF)'!H29&"" -> Jumlah Laporan Pengembangan Diri | I34: ='SKP JF (KUANTITATIF)'!J29 -> 1 | J34: ='SKP JF (KUANTITATIF)'!K29&"" -> Laporan | K34: 1 | L34: =IF(K34>=1,"berdasarkan penilaian pimpinan","") -> berdasarkan penilaian pimpinan | M34: =IF(Q34="Sangat Baik","C",IF(Q34="Baik","J",IF(Q34="Cukup","K",IF(Q34="Kurang","L","")))) -> C | N34: =IF(K34="","",IF(Q34="Sangat Baik","Bagus, sudah amat baik, pertahankan.",IF(Q34="Baik","Bagus, sudah baik, dapat lebih ditingkatkan.",IF(Q34="Cukup","Cukup baik, ada baiknya perlu sekali ditingkatkan.",IF(Q34="Kurang","Kurang, sangat perlu perbaikan secara menyeluruh.",""))))) -> Bagus, sudah amat baik, pertahankan. | P34: =(K34/I34)*100 -> 100 | Q34: =IF(P34<=50,("Buruk"),IF(P34<=60,("Kurang"),IF(P34<=75,("Cukup"),IF(P34<=90,("Baik"),("Sangat Baik"))))) -> Sangat Baik
F35: ='SKP JF (KUANTITATIF)'!G30&"" -> Kualitas | G35: ='SKP JF (KUANTITATIF)'!H30&"" -> Laporan PD, daftar hadir, suket kegiatan dari Korwas. | I35: ='SKP JF (KUANTITATIF)'!J30 -> 0.95 | J35: ='SKP JF (KUANTITATIF)'!K30&"" -> (Persen) | K35: 0.9 | L35: =IF(K35>=1%,"berdasarkan penilaian pimpinan","") -> berdasarkan penilaian pimpinan | M35: =IF(Q35="Sangat Baik","C",IF(Q35="Baik","J",IF(Q35="Cukup","K",IF(Q35="Kurang","L","")))) -> C | N35: =IF(K35="","",IF(Q35="Sangat Baik","Bagus, sudah amat baik, pertahankan.",IF(Q35="Baik","Bagus, sudah baik, dapat lebih ditingkatkan.",IF(Q35="Cukup","Cukup baik, ada baiknya perlu sekali ditingkatkan.",IF(Q35="Kurang","Kurang, sangat perlu perbaikan secara menyeluruh.",""))))) -> Bagus, sudah amat baik, pertahankan. | P35: =(K35/I35)*100 -> 94.736842 | Q35: =IF(P35<=50,("Buruk"),IF(P35<=60,("Kurang"),IF(P35<=75,("Cukup"),IF(P35<=90,("Baik"),("Sangat Baik"))))) -> Sangat Baik
F36: ='SKP JF (KUANTITATIF)'!G31&"" -> Waktu | G36: ='SKP JF (KUANTITATIF)'!H31&"" -> Ketepatan waktu pelaksanaan kegiatan. | I36: ='SKP JF (KUANTITATIF)'!J31 -> 3 | J36: ='SKP JF (KUANTITATIF)'!K31&"" -> Bulan | K36: 3 | L36: =IF(K36>=1,"bulan berdasarkan waktu kegiatan","") -> bulan berdasarkan waktu kegiatan | M36: =IF(Q36="Sangat Baik","C",IF(Q36="Baik","J",IF(Q36="Cukup","K",IF(Q36="Kurang","L","")))) -> C | N36: =IF(K36="","",IF(Q36="Sangat Baik","Bagus, sudah amat baik, pertahankan.",IF(Q36="Baik","Bagus, sudah baik, dapat lebih ditingkatkan.",IF(Q36="Cukup","Cukup baik, ada baiknya perlu sekali ditingkatkan.",IF(Q36="Kurang","Kurang, sangat perlu perbaikan secara menyeluruh.",""))))) -> Bagus, sudah amat baik, pertahankan. | P36: =(K36/I36)*100 -> 100 | Q36: =IF(P36<=50,("Buruk"),IF(P36<=60,("Kurang"),IF(P36<=75,("Cukup"),IF(P36<=90,("Baik"),("Sangat Baik"))))) -> Sangat Baik
B37: B. TAMBAHAN
B38: ='SKP JF (KUANTITATIF)'!B33&"" -> 1 | C38: ='SKP JF (KUANTITATIF)'!C33&"" -> Dokumen tugas kedinasan lain yang diberikan pimpinan baik lisan maupun tertulis dilingkungan Dinas Pendidikan Kab. Lampung Utara | D38: ='SKP JF (KUANTITATIF)'!D33&"" -> Dokumen kegiatan tugas tambahan sebagai Anggota / Pengurus MKKS/PGRI Kab. Barito Timur. | F38: ='SKP JF (KUANTITATIF)'!G33&"" -> Kuantitas | G38: ='SKP JF (KUANTITATIF)'!H33&"" -> Jumlah Satuan Kegiatan | I38: ='SKP JF (KUANTITATIF)'!J33 -> 1 | J38: ='SKP JF (KUANTITATIF)'!K33&"" -> Dokumen | K38: 1 | L38: =IF(K38>=1,"berdasarkan penilaian pimpinan","") -> berdasarkan penilaian pimpinan | M38: =IF(Q38="Sangat Baik","C",IF(Q38="Baik","J",IF(Q38="Cukup","K",IF(Q38="Kurang","L","")))) -> C | N38: =IF(K38="","",IF(Q38="Sangat Baik","Bagus, sudah amat baik, pertahankan.",IF(Q38="Baik","Bagus, sudah baik, dapat lebih ditingkatkan.",IF(Q38="Cukup","Cukup baik, ada baiknya perlu sekali ditingkatkan.",IF(Q38="Kurang","Kurang, sangat perlu perbaikan secara menyeluruh.",""))))) -> Bagus, sudah amat baik, pertahankan. | P38: =(K38/I38)*100 -> 100 | Q38: =IF(P38<=50,("Buruk"),IF(P38<=60,("Kurang"),IF(P38<=75,("Cukup"),IF(P38<=90,("Baik"),("Sangat Baik"))))) -> Sangat Baik
F39: ='SKP JF (KUANTITATIF)'!G34&"" -> Kualitas | G39: ='SKP JF (KUANTITATIF)'!H34&"" -> Dokumen Tugas Tambahan sebagai Pengurus APSI | I39: ='SKP JF (KUANTITATIF)'!J34 -> 0.95 | J39: ='SKP JF (KUANTITATIF)'!K34&"" -> (Persen) | K39: 0.9 | L39: =IF(K39>=1%,"berdasarkan penilaian pimpinan","") -> berdasarkan penilaian pimpinan | M39: =IF(Q39="Sangat Baik","C",IF(Q39="Baik","J",IF(Q39="Cukup","K",IF(Q39="Kurang","L","")))) -> C | N39: =IF(K39="","",IF(Q39="Sangat Baik","Bagus, sudah amat baik, pertahankan.",IF(Q39="Baik","Bagus, sudah baik, dapat lebih ditingkatkan.",IF(Q39="Cukup","Cukup baik, ada baiknya perlu sekali ditingkatkan.",IF(Q39="Kurang","Kurang, sangat perlu perbaikan secara menyeluruh.",""))))) -> Bagus, sudah amat baik, pertahankan. | P39: =(K39/I39)*100 -> 94.736842 | Q39: =IF(P39<=50,("Buruk"),IF(P39<=60,("Kurang"),IF(P39<=75,("Cukup"),IF(P39<=90,("Baik"),("Sangat Baik"))))) -> Sangat Baik
F40: ='SKP JF (KUANTITATIF)'!G35&"" -> Waktu | G40: ='SKP JF (KUANTITATIF)'!H35&"" -> Ketepatan waktu pelaksanaan kegiatan. | I40: ='SKP JF (KUANTITATIF)'!J35 -> 12 | J40: ='SKP JF (KUANTITATIF)'!K35&"" -> Bulan | K40: 12 | L40: =IF(K40>=1,"bulan berdasarkan waktu kegiatan","") -> bulan berdasarkan waktu kegiatan | M40: =IF(Q40="Sangat Baik","C",IF(Q40="Baik","J",IF(Q40="Cukup","K",IF(Q40="Kurang","L","")))) -> C | N40: =IF(K40="","",IF(Q40="Sangat Baik","Bagus, sudah amat baik, pertahankan.",IF(Q40="Baik","Bagus, sudah baik, dapat lebih ditingkatkan.",IF(Q40="Cukup","Cukup baik, ada baiknya perlu sekali ditingkatkan.",IF(Q40="Kurang","Kurang, sangat perlu perbaikan secara menyeluruh.",""))))) -> Bagus, sudah amat baik, pertahankan. | P40: =(K40/I40)*100 -> 100 | Q40: =IF(P40<=50,("Buruk"),IF(P40<=60,("Kurang"),IF(P40<=75,("Cukup"),IF(P40<=90,("Baik"),("Sangat Baik"))))) -> Sangat Baik
B41: ='SKP JF (KUANTITATIF)'!B36&"" -> 2 | C41: ='SKP JF (KUANTITATIF)'!C36&"" -> Dokumen kegiatan peningkatan kompetensi dan pengembangan karir ASN di lingkungan Dinas Pendidikan Kab. Lampung Utara | D41: ='SKP JF (KUANTITATIF)'!D36&"" -> Dokumen kegiatan mengikuti Seminar dan atau Webinar Pendidikan di Lingkungan daerah dan Pusat. | F41: ='SKP JF (KUANTITATIF)'!G36&"" -> Kuantitas | G41: ='SKP JF (KUANTITATIF)'!H36&"" -> Jumlah Sertifikat | I41: ='SKP JF (KUANTITATIF)'!J36 -> 1 | J41: ='SKP JF (KUANTITATIF)'!K36&"" -> Sertifikat | K41: 1 | L41: =IF(K41>=1,"berdasarkan penilaian pimpinan","") -> berdasarkan penilaian pimpinan | M41: =IF(Q41="Sangat Baik","C",IF(Q41="Baik","J",IF(Q41="Cukup","K",IF(Q41="Kurang","L","")))) -> C | N41: =IF(K41="","",IF(Q41="Sangat Baik","Bagus, sudah amat baik, pertahankan.",IF(Q41="Baik","Bagus, sudah baik, dapat lebih ditingkatkan.",IF(Q41="Cukup","Cukup baik, ada baiknya perlu sekali ditingkatkan.",IF(Q41="Kurang","Kurang, sangat perlu perbaikan secara menyeluruh.",""))))) -> Bagus, sudah amat baik, pertahankan. | P41: =(K41/I41)*100 -> 100 | Q41: =IF(P41<=50,("Buruk"),IF(P41<=60,("Kurang"),IF(P41<=75,("Cukup"),IF(P41<=90,("Baik"),("Sangat Baik"))))) -> Sangat Baik
F42: ='SKP JF (KUANTITATIF)'!G37&"" -> Kualitas | G42: ='SKP JF (KUANTITATIF)'!H37&"" -> Sertifikat Webinar APSI Pusat sebagai peserta | I42: ='SKP JF (KUANTITATIF)'!J37 -> 0.95 | J42: ='SKP JF (KUANTITATIF)'!K37&"" -> (Persen) | K42: 0.85 | L42: =IF(K42>=1%,"berdasarkan penilaian pimpinan","") -> berdasarkan penilaian pimpinan | M42: =IF(Q42="Sangat Baik","C",IF(Q42="Baik","J",IF(Q42="Cukup","K",IF(Q42="Kurang","L","")))) -> J | N42: =IF(K42="","",IF(Q42="Sangat Baik","Bagus, sudah amat baik, pertahankan.",IF(Q42="Baik","Bagus, sudah baik, dapat lebih ditingkatkan.",IF(Q42="Cukup","Cukup baik, ada baiknya perlu sekali ditingkatkan.",IF(Q42="Kurang","Kurang, sangat perlu perbaikan secara menyeluruh.",""))))) -> Bagus, sudah baik, dapat lebih ditingkatkan. | P42: =(K42/I42)*100 -> 89.473684 | Q42: =IF(P42<=50,("Buruk"),IF(P42<=60,("Kurang"),IF(P42<=75,("Cukup"),IF(P42<=90,("Baik"),("Sangat Baik"))))) -> Baik | R42: =IF(Q44="Sangat Baik","C",IF(Q44="Baik","J",IF(Q44="Cukup","K",IF(Q44="Kurang","L","")))) -> C | T42: =IF(P44<=86,"DI BAWAH EKSPETASI",IF(P44<=96,"SESUAI EKSPETASI",IF(P44<=100,"DI ATAS EKSPETASI",""))) -> SESUAI EKSPETASI
F43: ='SKP JF (KUANTITATIF)'!G38&"" -> Waktu | G43: ='SKP JF (KUANTITATIF)'!H38&"" -> Ketepatan waktu pelaksanaan kegiatan. | I43: ='SKP JF (KUANTITATIF)'!J38 -> 6 | J43: ='SKP JF (KUANTITATIF)'!K38&"" -> Bulan | K43: 6 | L43: =IF(K43>=1,"bulan berdasarkan waktu kegiatan","") -> bulan berdasarkan waktu kegiatan | M43: =IF(Q43="Sangat Baik","C",IF(Q43="Baik","J",IF(Q43="Cukup","K",IF(Q43="Kurang","L","")))) -> C | N43: =IF(K43="","",IF(Q43="Sangat Baik","Bagus, sudah amat baik, pertahankan.",IF(Q43="Baik","Bagus, sudah baik, dapat lebih ditingkatkan.",IF(Q43="Cukup","Cukup baik, ada baiknya perlu sekali ditingkatkan.",IF(Q43="Kurang","Kurang, sangat perlu perbaikan secara menyeluruh.",""))))) -> Bagus, sudah amat baik, pertahankan. | P43: =(K43/I43)*100 -> 100 | Q43: =IF(P43<=50,("Buruk"),IF(P43<=60,("Kurang"),IF(P43<=75,("Cukup"),IF(P43<=90,("Baik"),("Sangat Baik"))))) -> Sangat Baik
B44: RATING HASIL KERJA* | P44: =(AVERAGE(P23,P26,P29,P32,P35,P39,P42)) -> 93.233083 | Q44: =IF(P44<=50,("Buruk"),IF(P44<=60,("Kurang"),IF(P44<=75,("Cukup"),IF(P44<=90,("Baik"),("Sangat Baik"))))) -> Sangat Baik
B45: SESUAI EKSPEKTASI
B46: PERILAKU KERJA | M46: UMPAN BALIK BERKELANJUTAN BERDASARKAN BUKTI DUKUNG | R46: PRLKU | S46: EXPTSI | T46: UMPAN BALIK | V46: PETUNJUK
B47: ='SKP JF (KUANTITATIF)'!B40&"" -> 1 | C47: =IF(R47<>"",VLOOKUP(R47,BERAHLAK!$B$5:$C$53,2,FALSE),"") -> Berorientasi Pelayanan | R47: 1.
C48: =IF(R48<>"",VLOOKUP(R48,BERAHLAK!$B$5:$C$53,2,FALSE),"") -> - Memahami dan memenuhi kebutuhan masyarakat | I48: Ekspektasi Khusus Pimpinan: | M48: =IF(T48<>"",VLOOKUP(T48,'UMPAN-BALIK'!$B$5:$C$53,2,FALSE),"") -> Stakeholder terkait: Ramah dalam memberikan pelayanan kepada stakeholder (komite sekolah, dinas terkait), semua warga sekolah (guru dan tenaga kependidikan lainnya). | R48: 1.1 | T48: 1.1 | X48: =IF(R48="1.1",1,0) -> 1
C49: =IF(R49<>"",VLOOKUP(R49,BERAHLAK!$B$5:$C$53,2,FALSE),"") -> - Ramah, cekatan, solutif, dan dapat diandalkan | I49: =IF(S49<>"",VLOOKUP(S49,BERAHLAK!$E$5:$F$53,2,FALSE),"") -> - Maksimal dalam pelayanan, terbuka terhadap masukan atau kritikan. | R49: 1.2 | S49: 1.1 | X49: =IF(R49="1.2",1,0) -> 1 | Y49: =IF(S49="1.1",1,0) -> 1
C50: =IF(R50<>"",VLOOKUP(R50,BERAHLAK!$B$5:$C$53,2,FALSE),"") -> - Melakukan perbaikan tiada henti | I50: =IF(S50<>"",VLOOKUP(S50,BERAHLAK!$E$5:$F$53,2,FALSE),"") -> - Selalu belajar dari kesalahan untuk perbaikan kinerja selanjutnya. | M50: =IF(T50<>"",VLOOKUP(T50,'UMPAN-BALIK'!$B$5:$C$53,2,FALSE),"") -> Pimpinan : Yang bersangkutan dapat diandalkan ketika ada hal-hal yang membutuhkan penyelesaian segera. | R50: 1.3 | S50: 1.2 | T50: 1.2 | X50: =IF(R50="1.3",1,0) -> 1 | Y50: =IF(S50="1.2",1,0) -> 1
B51: ='SKP JF (KUANTITATIF)'!B44&"" -> 2 | C51: =IF(R51<>"",VLOOKUP(R51,BERAHLAK!$B$5:$C$53,2,FALSE),"") -> Akuntabel | R51: 2.
C52: =IF(R52<>"",VLOOKUP(R52,BERAHLAK!$B$5:$C$53,2,FALSE),"") -> - Melaksanakan tugas dengan jujur, bertanggungjawab, cermat, disiplin dan berintegritas tinggi | I52: Ekspektasi Khusus Pimpinan: | M52: =IF(T52<>"",VLOOKUP(T52,'UMPAN-BALIK'!$B$5:$C$53,2,FALSE),"") -> Teman sejawat: Selalu menunjukkan sikap bertanggung jawab meskipun ada kesalahan yang dilakukan anggota timnya. | R52: 2.1 | T52: 2.1 | X52: =IF(R52="2.1",1,0) -> 1
C53: =IF(R53<>"",VLOOKUP(R53,BERAHLAK!$B$5:$C$53,2,FALSE),"") -> - Menggunakan kekayaan dan barang milik negara secara bertanggungjawab, efektif, dan efisien | I53: =IF(S53<>"",VLOOKUP(S53,BERAHLAK!$E$5:$F$53,2,FALSE),"") -> - Berani berterus terang jika merasa ada kesalahan dan mengakui kesalahan yang telah dibuat. | R53: 2.2 | S53: 2.1 | X53: =IF(R53="2.2",1,0) -> 1 | Y53: =IF(S53="2.1",1,0) -> 1
C54: =IF(R54<>"",VLOOKUP(R54,BERAHLAK!$B$5:$C$53,2,FALSE),"") -> - Tidak menyalahgunakan kewenangan jabatan | I54: =IF(S54<>"",VLOOKUP(S54,BERAHLAK!$E$5:$F$53,2,FALSE),"") | M54: =IF(T54<>"",VLOOKUP(T54,'UMPAN-BALIK'!$B$5:$C$53,2,FALSE),"") -> Pimpinan : Yang bersangkutan selalu merespon dengan cepat dan mengambil alternatif strategi. | R54: 2.3 | T54: 2.2 | X54: =IF(R54="2.3",1,0) -> 1
B55: ='SKP JF (KUANTITATIF)'!B48&"" -> 3 | C55: =IF(R55<>"",VLOOKUP(R55,BERAHLAK!$B$5:$C$53,2,FALSE),"") -> Kompeten | R55: 3.
C56: =IF(R56<>"",VLOOKUP(R56,BERAHLAK!$B$5:$C$53,2,FALSE),"") -> - Meningkatkan kompetensi diri untuk menjawab tantangan yang selalu berubah | I56: Ekspektasi Khusus Pimpinan: | M56: =IF(T56<>"",VLOOKUP(T56,'UMPAN-BALIK'!$B$5:$C$53,2,FALSE),"") -> Pimpinan: Memperhatikan pengembangan kompetensi dan selalu memberikan feedback kepada teman dan pimpinan. | R56: 3.1 | T56: 3.1 | X56: =IF(R56="3.1",1,0) -> 1
C57: =IF(R57<>"",VLOOKUP(R57,BERAHLAK!$B$5:$C$53,2,FALSE),"") -> - Membantu orang lain belajar | I57: =IF(S57<>"",VLOOKUP(S57,BERAHLAK!$E$5:$F$53,2,FALSE),"") -> - Menyelesaikan setiap pekerjaan sesuai dengan target dan standar mutu yang ditetapkan. | R57: 3.2 | S57: 3.1 | X57: =IF(R57="3.2",1,0) -> 1 | Y57: =IF(S57="3.1",1,0) -> 1
C58: =IF(R58<>"",VLOOKUP(R58,BERAHLAK!$B$5:$C$53,2,FALSE),"") -> - Melaksanakan tugas dengan kualitas terbaik | I58: =IF(S58<>"",VLOOKUP(S58,BERAHLAK!$E$5:$F$53,2,FALSE),"") -> - Aktif dalam membagikan informasi kepada teman sejawat atau pihak lainnya yang sifatnya memberikan pengetahuan. | M58: =IF(T58<>"",VLOOKUP(T58,'UMPAN-BALIK'!$B$5:$C$53,2,FALSE),"") -> Pimpinan: Tugas dari pimpinan hampir selalu dikerjakan dengan baik | R58: 3.3 | S58: 3.2 | T58: 3.2 | X58: =IF(R58="3.3",1,0) -> 1 | Y58: =IF(S58="3.2",1,0) -> 1
B59: ='SKP JF (KUANTITATIF)'!B52&"" -> 4 | C59: =IF(R59<>"",VLOOKUP(R59,BERAHLAK!$B$5:$C$53,2,FALSE),"") -> Harmonis | R59: 4.
C60: =IF(R60<>"",VLOOKUP(R60,BERAHLAK!$B$5:$C$53,2,FALSE),"") -> - Menghargai setiap orang apapun latar belakangnya | I60: Ekspektasi Khusus Pimpinan: | M60: =IF(T60<>"",VLOOKUP(T60,'UMPAN-BALIK'!$B$5:$C$53,2,FALSE),"") -> Pimpinan: Mampu menciptakan lingkungan yang kondusif di tim kerjanya terlihat dari tidak adanya anggota tim / teman sejawat yang berkonflik. | R60: 4.1 | T60: 4.1 | X60: =IF(R60="4.1",1,0) -> 1
C61: =IF(R61<>"",VLOOKUP(R61,BERAHLAK!$B$5:$C$53,2,FALSE),"") -> - Suka menolong orang lain | I61: =IF(S61<>"",VLOOKUP(S61,BERAHLAK!$E$5:$F$53,2,FALSE),"") -> - Membangun komunikasi yang lebih terbuka dan menjaga hubungan baik dengan stakeholder | R61: 4.2 | S61: 4.1 | X61: =IF(R61="4.2",1,0) -> 1 | Y61: =IF(S61="4.1",1,0) -> 1
C62: =IF(R62<>"",VLOOKUP(R62,BERAHLAK!$B$5:$C$53,2,FALSE),"") -> - Membangun lingkungan kerja yang kondusif | I62: =IF(S62<>"",VLOOKUP(S62,BERAHLAK!$E$5:$F$53,2,FALSE),"") -> - Selalu siap memberi bantuan dengan atau tanpa harus diminta kepada teman sejawat atau pihak yang membutuhkan. | M62: =IF(T62<>"",VLOOKUP(T62,'UMPAN-BALIK'!$B$5:$C$53,2,FALSE),"") | R62: 4.3 | S62: 4.2 | X62: =IF(R62="4.3",1,0) -> 1 | Y62: =IF(S62="4.2",1,0) -> 1
B63: ='SKP JF (KUANTITATIF)'!B56&"" -> 5 | C63: =IF(R63<>"",VLOOKUP(R63,BERAHLAK!$B$5:$C$53,2,FALSE),"") -> Loyal | R63: 5.
C64: =IF(R64<>"",VLOOKUP(R64,BERAHLAK!$B$5:$C$53,2,FALSE),"") -> - Memegang teguh ideologi Pancasila, UUD Negara Republik Indonesia Tahun 1945, setia kepada NKRI serta pemerintahan yang sah. | I64: Ekspektasi Khusus Pimpinan: | M64: =IF(T64<>"",VLOOKUP(T64,'UMPAN-BALIK'!$B$5:$C$53,2,FALSE),"") -> Pimpinan: Arahan pimpinan selalu ditindaklanjuti dengan baik dan progresnya selalu dilaporkan dengan tepat waktu. | R64: 5.1 | T64: 5.1 | X64: =IF(R64="5.1",1,0) -> 1
C65: =IF(R65<>"",VLOOKUP(R65,BERAHLAK!$B$5:$C$53,2,FALSE),"") -> - Menjaga nama baik sesama ASN, Pimpinan, Instansi, dan Negara | I65: =IF(S65<>"",VLOOKUP(S65,BERAHLAK!$E$5:$F$53,2,FALSE),"") -> - Taat terhadap atasan sesuai dengan Struktur Jabatan pada Instansi pegawai berada | R65: 5.2 | S65: 5.1 | X65: =IF(R65="5.2",1,0) -> 1 | Y65: =IF(S65="5.1",1,0) -> 1
C66: =IF(R66<>"",VLOOKUP(R66,BERAHLAK!$B$5:$C$53,2,FALSE),"") -> - Menjaga rahasia jabatan dan negara | I66: =IF(S66<>"",VLOOKUP(S66,BERAHLAK!$E$5:$F$53,2,FALSE),"") | M66: =IF(T66<>"",VLOOKUP(T66,'UMPAN-BALIK'!$B$5:$C$53,2,FALSE),"") -> Pimpinan: Selalu siap kapanpun pimpinan membutuhkan, yang bersangkutan siap membantu pimpinan meskipun di luar jam kerja. | R66: 5.3 | T66: 5.2 | X66: =IF(R66="5.3",1,0) -> 1
B67: ='SKP JF (KUANTITATIF)'!B60&"" -> 6 | C67: =IF(R67<>"",VLOOKUP(R67,BERAHLAK!$B$5:$C$53,2,FALSE),"") -> Adaptif | R67: 6.
C68: =IF(R68<>"",VLOOKUP(R68,BERAHLAK!$B$5:$C$53,2,FALSE),"") -> - Cepat menyesuaikan diri menghadapi perubahan | I68: Ekspektasi Khusus Pimpinan: | M68: =IF(T68<>"",VLOOKUP(T68,'UMPAN-BALIK'!$B$5:$C$53,2,FALSE),"") -> Pimpinan: antusias mempelajari hal baru terlihat dari upaya upaya yang bersangkutan ketika mendapat penugasan baru. | R68: 6.1 | T68: 6.1 | X68: =IF(R68="6.1",1,0) -> 1
C69: =IF(R69<>"",VLOOKUP(R69,BERAHLAK!$B$5:$C$53,2,FALSE),"") -> - Terus berinovasi dan mengembangkan kreativitas | I69: =IF(S69<>"",VLOOKUP(S69,BERAHLAK!$E$5:$F$53,2,FALSE),"") -> - Tidak mengimplementasikan perkembangan teknologi untuk memperbaiki metode dan proses kerja. | R69: 6.2 | S69: 6.1.1 | X69: =IF(R69="6.2",1,0) -> 1 | Y69: =IF(S69="6.1",1,0) -> 0
C70: =IF(R70<>"",VLOOKUP(R70,BERAHLAK!$B$5:$C$53,2,FALSE),"") -> - Bertindak proaktif | I70: =IF(S70<>"",VLOOKUP(S70,BERAHLAK!$E$5:$F$53,2,FALSE),"") | M70: =IF(T70<>"",VLOOKUP(T70,'UMPAN-BALIK'!$B$5:$C$53,2,FALSE),"") -> Pimpinan: Ketika ada perubahan arah strategi dari pimpinan langsung ditindaklanjuti dengan penyesuaian dan resisten. | R70: 6.3 | T70: 6.2 | X70: =IF(R70="6.3",1,0) -> 1
B71: ='SKP JF (KUANTITATIF)'!B64&"" -> 7 | C71: =IF(R71<>"",VLOOKUP(R71,BERAHLAK!$B$5:$C$53,2,FALSE),"") -> Kolaboratif | R71: 7. | S71: =IF(S78="Sangat Baik","C",IF(S78="Baik","J",IF(S78="Cukup","K",IF(S78="Kurang","L",""))))
C72: =IF(R72<>"",VLOOKUP(R72,BERAHLAK!$B$5:$C$53,2,FALSE),"") -> - Memberi kesempatan kepada berbagai pihak untuk berkontribusi | I72: Ekspektasi Khusus Pimpinan: | M72: =IF(T72<>"",VLOOKUP(T72,'UMPAN-BALIK'!$B$5:$C$53,2,FALSE),"") -> Teman sejawat: Sangat terbuka terhadap masukan dari teman sejawat karena ketika dialog selalu 2 arah. | R72: 7.1 | T72: 7.1 | X72: =IF(R72="7.1",1,0) -> 1
C73: =IF(R73<>"",VLOOKUP(R73,BERAHLAK!$B$5:$C$53,2,FALSE),"") -> - Terbuka dalam bekerja sama untuk menghasilkan nilai tambah | I73: =IF(S73<>"",VLOOKUP(S73,BERAHLAK!$E$5:$F$53,2,FALSE),"") -> - Aktif berpartisipasi sesuai keahliannya pada project unit kerja | R73: 7.2 | S73: 7.1 | X73: =IF(R73="7.2",1,0) -> 1 | Y73: =IF(S73="7.1",1,0) -> 1
C74: =IF(R74<>"",VLOOKUP(R74,BERAHLAK!$B$5:$C$53,2,FALSE),"") -> - Menggerakkan pemanfaatan berbagai sumberdaya untuk tujuan bersama | I74: =IF(S74<>"",VLOOKUP(S74,BERAHLAK!$E$5:$F$53,2,FALSE),"") -> - Aktif berkontribusi sesuai keahliannya pada project unit kerja | M74: =IF(T74<>"",VLOOKUP(T74,'UMPAN-BALIK'!$B$5:$C$53,2,FALSE),"") | R74: 7.3 | S74: 7.2 | X74: =IF(R74="7.3",1,0) -> 1 | Y74: =IF(S74="7.2",1,0) -> 1
B75: RATING PERILAKU KERJA* | R75: =X75 -> 21 | S75: =Y75 -> 10 | X75: =SUM(X48:X74) -> 21 | Y75: =SUM(Y49:Y74) -> 10
B76: SESUAI EKSPEKTASI | R76: =COUNTA(R48:R50,R52:R54,R56:R58,R60:R62,R64:R66,R68:R70,R72:R74) -> 21 | S76: =COUNTA(S49:S50,S53,S57:S58,S61:S62,S65,S69,S73:S74) -> 11
B77: PREDIKAT KINERJA PEGAWAI* | R77: =(R75/R76)*100 -> 100 | S77: =(S75/S76)*100 -> 90.909091
B78: =VLOOKUP(B45&B76,KUADRAN!$D$4:$E$21,2,0) -> BAIK | R78: =AVERAGE(R77:S77) -> 95.454545 | S78: =IF(R78<=86,"DI BAWAH EKSPETASI",IF(R78<=96,"SESUAI EKSPETASI",IF(R78<=100,"DI ATAS EKSPETASI",""))) -> SESUAI EKSPETASI
J82: ='00 DATA'!N8&", "&'00 DATA'!N9&"" -> Kotabumi , 31 Desember 2022
J83: Pejabat Penilai Kinerja
J87: ="("&L9&")" -> (TUTI ROSPASARI, S.Pd. M.Pd.)
J88: ="NIP. "&L10&"" -> NIP. 19721025 199802 2 003

Sheet BERAHLAK
B1: HOME | I1: =HOME!E1 -> KEPALA SEKOLAH
C2: Komponen dan Indikator sesuai denga Permenegpan RB 06 Tahun 2022 | E2: Dilakukan melalui DIALOG KERJA disesuaikan kebutuhan organisasi … | H2: Dilakukan melalui DIALOG KERJA disesuaikan kebutuhan organisasi …
C3: PENILAIAN PERILAKU KERJA | E3: EKSPETASI KHUSUS PIMPINAN | H3: RESUME UMPAN BALIK PENGAWAS - KASEK DAN GURU
B4: KODE | C4: KOMPONEN DAN INDIKATOR | E4: KODE | F4: KOMPONEN DAN INDIKATOR | H4: KODE | I4: KOMPONEN DAN INDIKATOR
B5: 1. | C5: Berorientasi Pelayanan | E5: 1. | F5: Berorientasi Pelayanan | H5: ='UMPAN-BALIK'!B5 -> 1. | I5: Berorientasi Pelayanan
B6: 1.1 | C6: - Memahami dan memenuhi kebutuhan masyarakat | E6: 1.1 | F6: - Maksimal dalam pelayanan, terbuka terhadap masukan atau kritikan. | H6: ='UMPAN-BALIK'!B6 -> 1.1 | I6: =IF($I$1="PENGAWAS",'UMPAN-BALIK'!C6,IF($I$1="KEPALA SEKOLAH",'UMPAN-BALIK'!I6,IF($I$1="GURU",'UMPAN-BALIK'!L6,IF($I$1="TENDIK",'UMPAN-BALIK'!O6,"")))) -> Stakeholder terkait: Ramah dalam memberikan pelayanan kepada stakeholder (komite sekolah, dinas terkait), semua warga sekolah (guru dan tenaga kependidikan lainnya).
B7: 1.1.1 | C7: - Kurang memahami dan atau memenuhi kebutuhan masyarakat | E7: 1.1.1 | F7: - Kurang maksimal dalam pelayanan dan kurang menerima masukan atau kritikan. | H7: ='UMPAN-BALIK'!B7 -> 1.1.1 | I7: =IF($I$1="PENGAWAS",'UMPAN-BALIK'!C7,IF($I$1="KEPALA SEKOLAH",'UMPAN-BALIK'!I7,IF($I$1="GURU",'UMPAN-BALIK'!L7,IF($I$1="TENDIK",'UMPAN-BALIK'!O7,"")))) -> Stakeholder terkait: Kurang ramah dalam memberikan pelayanan kepada stakeholder (komite sekolah, dinas terkait), semua warga sekolah (guru dan tenaga kependidikan lainnya).
B8: 1.2 | C8: - Ramah, cekatan, solutif, dan dapat diandalkan | E8: 1.2 | F8: - Selalu belajar dari kesalahan untuk perbaikan kinerja selanjutnya. | H8: ='UMPAN-BALIK'!B8 -> 1.2 | I8: =IF($I$1="PENGAWAS",'UMPAN-BALIK'!C8,IF($I$1="KEPALA SEKOLAH",'UMPAN-BALIK'!I8,IF($I$1="GURU",'UMPAN-BALIK'!L8,IF($I$1="TENDIK",'UMPAN-BALIK'!O8,"")))) -> Pimpinan : Yang bersangkutan dapat diandalkan ketika ada hal-hal yang membutuhkan penyelesaian segera.
B9: 1.2.1 | C9: - Kurang ramah, tidak sigap, pasif, dan kurang dapat diandalkan | E9: 1.2.1 | F9: - Tidak belajar dari kesalahan untuk perbaikan kinerja selanjutnya. | H9: ='UMPAN-BALIK'!B9 -> 1.2.1 | I9: =IF($I$1="PENGAWAS",'UMPAN-BALIK'!C9,IF($I$1="KEPALA SEKOLAH",'UMPAN-BALIK'!I9,IF($I$1="GURU",'UMPAN-BALIK'!L9,IF($I$1="TENDIK",'UMPAN-BALIK'!O9,"")))) -> Pimpinan : Yang bersangkutan kurang dapat diandalkan ketika ada hal-hal yang membutuhkan penyelesaian segera.
B10: 1.3 | C10: - Melakukan perbaikan tiada henti | E10: 1.3 | H10: ='UMPAN-BALIK'!B10 -> 1.3 | I10: =IF($I$1="PENGAWAS",'UMPAN-BALIK'!C10,IF($I$1="KEPALA SEKOLAH",'UMPAN-BALIK'!I10,IF($I$1="GURU",'UMPAN-BALIK'!L10,IF($I$1="TENDIK",'UMPAN-BALIK'!O10,"")))) -> 0
B11: 1.3.1 | C11: - Melakukan perbaikan sesekali dan atau tidak melakukan perbaikan | E11: 1.3.1 | H11: ='UMPAN-BALIK'!B11 -> 1.3.1 | I11: =IF($I$1="PENGAWAS",'UMPAN-BALIK'!C11,IF($I$1="KEPALA SEKOLAH",'UMPAN-BALIK'!I11,IF($I$1="GURU",'UMPAN-BALIK'!L11,IF($I$1="TENDIK",'UMPAN-BALIK'!O11,"")))) -> 0
B12: 2. | C12: Akuntabel | E12: 2. | F12: Akuntabel | H12: ='UMPAN-BALIK'!B12 -> 2. | I12: ='UMPAN-BALIK'!C12&"" -> Akuntabel
B13: 2.1 | C13: - Melaksanakan tugas dengan jujur, bertanggungjawab, cermat, disiplin dan berintegritas tinggi | E13: 2.1 | F13: - Berani berterus terang jika merasa ada kesalahan dan mengakui kesalahan yang telah dibuat. | H13: ='UMPAN-BALIK'!B13 -> 2.1 | I13: ='UMPAN-BALIK'!C13&"" -> Teman sejawat: Selalu menunjukkan sikap bertanggung jawab meskipun ada kesalahan yang dilakukan anggota timnya.
B14: 2.1.1 | C14: - Melaksanakan tugas kurang jujur, kurang bertanggungjawab, ceroboh, kurang disiplin dan berintegritas rendah | E14: 2.1.1 | F14: - Tidak berani berterus terang jika jelas ada kesalahan dan tidak mengakui kesalahan yang telah dibuat. | H14: ='UMPAN-BALIK'!B14 -> 2.1.1 | I14: ='UMPAN-BALIK'!C14&"" -> Teman sejawat: Kurang menunjukkan sikap bertanggung jawab terlebih jika ada kesalahan yang dilakukan rekan timnya.
B15: 2.2 | C15: - Menggunakan kekayaan dan barang milik negara secara bertanggungjawab, efektif, dan efisien | E15: 2.2 | H15: ='UMPAN-BALIK'!B15 -> 2.2 | I15: ='UMPAN-BALIK'!C15&"" -> Pimpinan : Yang bersangkutan selalu merespon dengan cepat dan mengambil alternatif strategi.
B16: 2.2.1 | C16: - Menggunakan kekayaan dan barang milik negara kurang bertanggungjawab, tidak efektif dan tidak efisien | E16: 2.2.1 | H16: ='UMPAN-BALIK'!B16 -> 2.2.1 | I16: ='UMPAN-BALIK'!C16&"" -> Pimpinan : Yang bersangkutan kurang atau tidak merespon dengan baik dan tidak mengambil alternatif strategi.
B17: 2.3 | C17: - Tidak menyalahgunakan kewenangan jabatan | E17: 2.3 | H17: ='UMPAN-BALIK'!B17 -> 2.3 | I17: ='UMPAN-BALIK'!C17&"" -> 0
B18: 2.3.1 | C18: - Menyalahgunakan kewenangan jabatan | E18: 2.3.1 | H18: ='UMPAN-BALIK'!B18 -> 2.3.1 | I18: ='UMPAN-BALIK'!C18&"" -> 0
B19: 3. | C19: Kompeten | E19: 3. | F19: Kompeten | H19: ='UMPAN-BALIK'!B19 -> 3. | I19: ='UMPAN-BALIK'!C19&"" -> Kompeten
B20: 3.1 | C20: - Meningkatkan kompetensi diri untuk menjawab tantangan yang selalu berubah | E20: 3.1 | F20: - Menyelesaikan setiap pekerjaan sesuai dengan target dan standar mutu yang ditetapkan. | H20: ='UMPAN-BALIK'!B20 -> 3.1 | I20: ='UMPAN-BALIK'!C20&"" -> Pimpinan: Memperhatikan pengembangan kompetensi dan selalu memberikan feedback kepada teman dan pimpinan.
B21: 3.1.1 | C21: - Kurang meningkatkan kompetensi diri untuk menjawab tantangan yang selalu berubah | E21: 3.1.1 | F21: - Kurang dapat menyelesaikan setiap pekerjaan sesuai dengan target dan standar mutu yang ditetapkan. | H21: ='UMPAN-BALIK'!B21 -> 3.1.1 | I21: ='UMPAN-BALIK'!C21&"" -> Pimpinan: Kurang memperhatikan pengembangan kompetensi dan jarang memberikan feedback kepada teman atau pimpinan.
B22: 3.2 | C22: - Membantu orang lain belajar | E22: 3.2 | F22: - Aktif dalam membagikan informasi kepada teman sejawat atau pihak lainnya yang sifatnya memberikan pengetahuan. | H22: ='UMPAN-BALIK'!B22 -> 3.2 | I22: ='UMPAN-BALIK'!C22&"" -> Pimpinan: Tugas dari pimpinan hampir selalu dikerjakan dengan baik
B23: 3.2.1 | C23: - Tidak membantu orang lain belajar | E23: 3.2.1 | F23: - Kurang atau tidak aktif membagikan informasi kepada teman sejawat atau pihak lainnya yang sifatnya memberikan pengetahuan. | H23: ='UMPAN-BALIK'!B23 -> 3.2.1 | I23: ='UMPAN-BALIK'!C23&"" -> Pimpinan: Tugas dari pimpinan jarang dilaksanakan dengan baik.
B24: 3.3 | C24: - Melaksanakan tugas dengan kualitas terbaik | E24: 3.3 | F24: - Aktif mengikuti kegiatan pengembangan kompetensi dan sharing pengetahuan, keterampilan kepada teman sejawat atau pihak lain yang membutuhkan. | H24: ='UMPAN-BALIK'!B24 -> 3.3 | I24: ='UMPAN-BALIK'!C24&"" -> 0
B25: 3.3.1 | C25: - Melaksanakan tugas dengan kualitas apa adanya | E25: 3.3.1 | F25: - Kurang aktif mengikuti kegiatan pengembangan kompetensi dan sharing pengetahuan, keterampilan kepada teman sejawat atau pihak lain yang membutuhkan. | H25: ='UMPAN-BALIK'!B25 -> 3.3.1 | I25: ='UMPAN-BALIK'!C25&"" -> 0
B26: 4. | C26: Harmonis | E26: 4. | F26: Harmonis | H26: ='UMPAN-BALIK'!B26 -> 4. | I26: ='UMPAN-BALIK'!C26&"" -> Harmonis
B27: 4.1 | C27: - Menghargai setiap orang apapun latar belakangnya | E27: 4.1 | F27: - Membangun komunikasi yang lebih terbuka dan menjaga hubungan baik dengan stakeholder | H27: ='UMPAN-BALIK'!B27 -> 4.1 | I27: ='UMPAN-BALIK'!C27&"" -> Pimpinan: Mampu menciptakan lingkungan yang kondusif di tim kerjanya terlihat dari tidak adanya anggota tim / teman sejawat yang berkonflik.
B28: 4.1.1 | C28: - Kurang menghargai setiap orang apapun latar belakangnya | E28: 4.1.1 | F28: - Kurang atau tidak membangun komunikasi yang lebih terbuka dan menjaga hubungan baik dengan stakeholder | H28: ='UMPAN-BALIK'!B28 -> 4.1.1 | I28: ='UMPAN-BALIK'!C28&"" -> Pimpinan: Kurang mampu menciptakan lingkungan yang kondusif di tim kerjanya terlihat dari adanya anggota tim / teman sejawat yang berkonflik.
B29: 4.2 | C29: - Suka menolong orang lain | E29: 4.2 | F29: - Selalu siap memberi bantuan dengan atau tanpa harus diminta kepada teman sejawat atau pihak yang membutuhkan. | H29: ='UMPAN-BALIK'!B29 -> 4.2 | I29: ='UMPAN-BALIK'!C29&"" -> 0
B30: 4.2.1 | C30: - Kurang atau tidak suka menolong orang lain | E30: 4.2.1 | F30: - Kurang siap memberi bantuan dengan atau tanpa harus diminta kepada teman sejawat atau pihak yang membutuhkan. | H30: ='UMPAN-BALIK'!B30 -> 4.2.1 | I30: ='UMPAN-BALIK'!C30&"" -> 0
B31: 4.3 | C31: - Membangun lingkungan kerja yang kondusif | E31: 4.3 | H31: ='UMPAN-BALIK'!B31 -> 4.3 | I31: ='UMPAN-BALIK'!C31&"" -> 0
B32: 4.3.1 | C32: - Kurang atau tidak membangun lingkungan kerja yang kondusif | E32: 4.3.1 | H32: ='UMPAN-BALIK'!B32 -> 4.3.1 | I32: ='UMPAN-BALIK'!C32&"" -> 0
B33: 5. | C33: Loyal | E33: 5. | F33: Loyal | H33: ='UMPAN-BALIK'!B33 -> 5. | I33: ='UMPAN-BALIK'!C33&"" -> Loyal
B34: 5.1 | C34: - Memegang teguh ideologi Pancasila, UUD Negara Republik Indonesia Tahun 1945, setia kepada NKRI serta pemerintahan yang sah. | E34: 5.1 | F34: - Taat terhadap atasan sesuai dengan Struktur Jabatan pada Instansi pegawai berada | H34: ='UMPAN-BALIK'!B34 -> 5.1 | I34: ='UMPAN-BALIK'!C34&"" -> Pimpinan: Arahan pimpinan selalu ditindaklanjuti dengan baik dan progresnya selalu dilaporkan dengan tepat waktu.
B35: 5.1.1 | C35: - Kurang atau tidak memegang teguh ideologi Pancasila, UUD Negara Republik Indonesia Tahun 1945, setia kepada NKRI serta pemerintahan yang sah. | E35: 5.1.1 | F35: - Kurang taat terhadap atasan sesuai dengan Struktur Jabatan pada Instansi pegawai berada | H35: ='UMPAN-BALIK'!B35 -> 5.1.1 | I35: ='UMPAN-BALIK'!C35&"" -> Pimpinan: Arahan pimpinan jarang ditindaklanjuti dengan baik dan progresnya jarang dilaporkan dengan tepat waktu.
B36: 5.2 | C36: - Menjaga nama baik sesama ASN, Pimpinan, Instansi, dan Negara | E36: 5.2 | H36: ='UMPAN-BALIK'!B36 -> 5.2 | I36: ='UMPAN-BALIK'!C36&"" -> Pimpinan: Selalu siap kapanpun pimpinan membutuhkan, yang bersangkutan siap membantu pimpinan meskipun di luar jam kerja.
B37: 5.2.1 | C37: - Kurang atau tidak menjaga nama baik sesama ASN, Pimpinan, Instansi, dan Negara | E37: 5.2.1 | H37: ='UMPAN-BALIK'!B37 -> 5.2.1 | I37: ='UMPAN-BALIK'!C37&"" -> Pimpinan: Tidak siap kapanpun pimpinan membutuhkan, yang bersangkutan kurang responsif dalam membantu pimpinan meskipun di luar jam kerja.
B38: 5.3 | C38: - Menjaga rahasia jabatan dan negara | E38: 5.3 | H38: ='UMPAN-BALIK'!B38 -> 5.3 | I38: ='UMPAN-BALIK'!C38&"" -> 0
B39: 5.3.1 | C39: - Kurang atau tidak menjaga rahasia jabatan dan negara | E39: 5.3.1 | H39: ='UMPAN-BALIK'!B39 -> 5.3.1 | I39: ='UMPAN-BALIK'!C39&"" -> 0
B40: 6. | C40: Adaptif | E40: 6. | F40: Adaptif | H40: ='UMPAN-BALIK'!B40 -> 6. | I40: ='UMPAN-BALIK'!C40&"" -> Adaptif
B41: 6.1 | C41: - Cepat menyesuaikan diri menghadapi perubahan | E41: 6.1 | F41: - Mengimplementasikan perkembangan teknologi untuk memperbaiki metode dan proses kerja. | H41: ='UMPAN-BALIK'!B41 -> 6.1 | I41: ='UMPAN-BALIK'!C41&"" -> Pimpinan: antusias mempelajari hal baru terlihat dari upaya upaya yang bersangkutan ketika mendapat penugasan baru.
B42: 6.1.1 | C42: - Lambat atau tidak menyesuaikan diri menghadapi perubahan | E42: 6.1.1 | F42: - Tidak mengimplementasikan perkembangan teknologi untuk memperbaiki metode dan proses kerja. | H42: ='UMPAN-BALIK'!B42 -> 6.1.1 | I42: ='UMPAN-BALIK'!C42&"" -> Pimpinan: Kurang antusias mempelajari hal baru terlihat dari upaya upaya yang bersangkutan ketika mendapat penugasan baru.
B43: 6.2 | C43: - Terus berinovasi dan mengembangkan kreativitas | E43: 6.2 | H43: ='UMPAN-BALIK'!B43 -> 6.2 | I43: ='UMPAN-BALIK'!C43&"" -> Pimpinan: Ketika ada perubahan arah strategi dari pimpinan langsung ditindaklanjuti dengan penyesuaian dan resisten.
B44: 6.2.1 | C44: - Kurang atau tidak berinovasi dan mengembangkan kreativitas | E44: 6.2.1 | H44: ='UMPAN-BALIK'!B44 -> 6.2.1 | I44: ='UMPAN-BALIK'!C44&"" -> Pimpinan: Ketika ada perubahan arah strategi dari pimpinan, tidak langsung ditindaklanjuti dengan penyesuaian dan tidak resisten.
B45: 6.3 | C45: - Bertindak proaktif | E45: 6.3 | H45: ='UMPAN-BALIK'!B45 -> 6.3 | I45: ='UMPAN-BALIK'!C45&"" -> 0
B46: 6.3.1 | C46: - Bertindak Kurang atau tidak proaktif | E46: 6.3.1 | H46: ='UMPAN-BALIK'!B46 -> 6.3.1 | I46: ='UMPAN-BALIK'!C46&"" -> 0
B47: 7. | C47: Kolaboratif | E47: 7. | F47: Kolaboratif | H47: ='UMPAN-BALIK'!B47 -> 7. | I47: ='UMPAN-BALIK'!C47&"" -> Kolaboratif
B48: 7.1 | C48: - Memberi kesempatan kepada berbagai pihak untuk berkontribusi | E48: 7.1 | F48: - Aktif berpartisipasi sesuai keahliannya pada project unit kerja | H48: ='UMPAN-BALIK'!B48 -> 7.1 | I48: ='UMPAN-BALIK'!C48&"" -> Teman sejawat: Sangat terbuka terhadap masukan dari teman sejawat karena ketika dialog selalu 2 arah.
B49: 7.1.1 | C49: - Kurang atau tidak memberi kesempatan kepada berbagai pihak untuk berkontribusi | E49: 7.1.1 | F49: - Kurang aktif berpartisipasi sesuai keahliannya pada proyek unit kerja | H49: ='UMPAN-BALIK'!B49 -> 7.1.1 | I49: ='UMPAN-BALIK'!C49&"" -> Teman sejawat: Kurang terbuka terhadap masukan dari teman sejawat karena ketika dialog selalu menggunakan konsepnya sendiri.
B50: 7.2 | C50: - Terbuka dalam bekerja sama untuk menghasilkan nilai tambah | E50: 7.2 | F50: - Aktif berkontribusi sesuai keahliannya pada project unit kerja | H50: ='UMPAN-BALIK'!B50 -> 7.2 | I50: ='UMPAN-BALIK'!C50&"" -> 0
B51: 7.2.1 | C51: - Kurang atau tidak terbuka dalam bekerja sama untuk menghasilkan nilai tambah | E51: 7.2.1 | F51: - Kurang aktif berkontribusi sesuai keahliannya pada proyek unit kerja | H51: ='UMPAN-BALIK'!B51 -> 7.2.1 | I51: ='UMPAN-BALIK'!C51&"" -> 0
B52: 7.3 | C52: - Menggerakkan pemanfaatan berbagai sumberdaya untuk tujuan bersama | E52: 7.3 | H52: ='UMPAN-BALIK'!B52 -> 7.3 | I52: ='UMPAN-BALIK'!C52&"" -> 0
B53: 7.3.1 | C53: - Kurang atau tidak menggerakkan pemanfaatan berbagai sumberdaya untuk tujuan bersama | E53: 7.3.1 | H53: ='UMPAN-BALIK'!B53 -> 7.3.1 | I53: ='UMPAN-BALIK'!C53&"" -> 0

Sheet UMPAN-BALIK
B1: HOME | C1: =HOME!E1 -> KEPALA SEKOLAH | E1: HOME | F1: PENGAWAS | H1: HOME | I1: KEPALA SEKOLAH | K1: HOME | L1: GURU | N1: HOME | O1: TENDIK
C2: Dilakukan DIALOG KERJA disesuaikan kebutuhan organisasi … | F2: Dilakukan DIALOG KERJA disesuaikan kebutuhan organisasi … | I2: Dilakukan DIALOG KERJA disesuaikan kebutuhan organisasi … | L2: Dilakukan DIALOG KERJA disesuaikan kebutuhan organisasi … | O2: Dilakukan melalui DIALOG KERJA disesuaikan kebutuhan organisasi …
C3: UMPAN BALIK | F3: UMPAN BALIK | I3: UMPAN BALIK | L3: UMPAN BALIK | O3: UMPAN BALIK
B4: KODE | C4: KOMPONEN DAN INDIKATOR | E4: KODE | F4: KOMPONEN DAN INDIKATOR | H4: KODE | I4: KOMPONEN DAN INDIKATOR | K4: KODE | L4: KOMPONEN DAN INDIKATOR | N4: KODE | O4: KOMPONEN DAN INDIKATOR
B5: 1. | C5: =IF($C$1="PENGAWAS",F5,IF($C$1="KEPALA SEKOLAH",I5,IF($C$1="GURU",L5,""))) -> Berorientasi Pelayanan | E5: 1. | F5: Berorientasi Pelayanan | H5: 1. | I5: Berorientasi Pelayanan | K5: 1. | L5: Berorientasi Pelayanan | N5: 1. | O5: Berorientasi Pelayanan
B6: 1.1 | C6: =IF($C$1="PENGAWAS",F6,IF($C$1="KEPALA SEKOLAH",I6,IF($C$1="GURU",L6,""))) -> Stakeholder terkait: Ramah dalam memberikan pelayanan kepada stakeholder (komite sekolah, dinas terkait), semua warga sekolah (guru dan tenaga kependidikan lainnya). | E6: 1.1 | F6: Stakeholder terkait: Ramah dalam melaksanakan kegiatan pengawasan dan pembimbingan kepada kepala sekolah, guru dan tenaga kependidikan lainnya. | H6: 1.1 | I6: Stakeholder terkait: Ramah dalam memberikan pelayanan kepada stakeholder (komite sekolah, dinas terkait), semua warga sekolah (guru dan tenaga kependidikan lainnya). | K6: 1.1 | L6: Stakeholder terkait: Ramah dalam memberikan pelayanan pembelajaran dan pembimbingan kepada siswa dan semua warga sekolah (kepala sekolah, rekan sejawat guru dan tenaga kependidikan lainnya). | N6: 1.1 | O6: Stakeholder terkait: Ramah dalam memberikan pelayanan dan gesit dalam tindakan kepada warga sekolah (Kepala sekolah, guru dan tenaga kependidikan lainnya).
B7: 1.1.1 | C7: =IF($C$1="PENGAWAS",F7,IF($C$1="KEPALA SEKOLAH",I7,IF($C$1="GURU",L7,""))) -> Stakeholder terkait: Kurang ramah dalam memberikan pelayanan kepada stakeholder (komite sekolah, dinas terkait), semua warga sekolah (guru dan tenaga kependidikan lainnya). | E7: 1.1.1 | F7: Stakeholder terkait: Kurang Ramah dalam melaksanakan kegiatan pengawasan dan pembimbingan kepada kepala sekolah, guru dan tenaga kependidikan lainnya. | H7: 1.1.1 | I7: Stakeholder terkait: Kurang ramah dalam memberikan pelayanan kepada stakeholder (komite sekolah, dinas terkait), semua warga sekolah (guru dan tenaga kependidikan lainnya). | K7: 1.1.1 | L7: Stakeholder terkait: Kurang ramah dalam memberikan pelayanan pembelajaran dan pembimbingan kepada siswa dan semua warga sekolah (kepala sekolah, rekan sejawat guru dan tenaga kependidikan lainnya). | N7: 1.1.1 | O7: Stakeholder terkait: Kurang ramah dalam memberikan pelayanan dan kurang gesit dalam tindakan kepada semua warga sekolah (Kepala sekolah, guru dan tenaga kependidikan lainnya).
B8: 1.2 | C8: =IF($C$1="PENGAWAS",F8,IF($C$1="KEPALA SEKOLAH",I8,IF($C$1="GURU",L8,""))) -> Pimpinan : Yang bersangkutan dapat diandalkan ketika ada hal-hal yang membutuhkan penyelesaian segera. | E8: 1.2 | F8: Pimpinan : Yang bersangkutan dapat diandalkan ketika ada hal-hal yang membutuhkan penyelesaian segera. | H8: 1.2 | I8: Pimpinan : Yang bersangkutan dapat diandalkan ketika ada hal-hal yang membutuhkan penyelesaian segera. | K8: 1.2 | L8: Pimpinan : Yang bersangkutan dapat diandalkan ketika ada hal-hal yang membutuhkan penyelesaian segera. | N8: 1.2 | O8: Pimpinan : Yang bersangkutan dapat diandalkan ketika ada hal-hal yang membutuhkan penyelesaian segera.
B9: 1.2.1 | C9: =IF($C$1="PENGAWAS",F9,IF($C$1="KEPALA SEKOLAH",I9,IF($C$1="GURU",L9,""))) -> Pimpinan : Yang bersangkutan kurang dapat diandalkan ketika ada hal-hal yang membutuhkan penyelesaian segera. | E9: 1.2.1 | F9: Pimpinan : Yang bersangkutan kurang dapat diandalkan ketika ada hal-hal yang membutuhkan penyelesaian segera. | H9: 1.2.1 | I9: Pimpinan : Yang bersangkutan kurang dapat diandalkan ketika ada hal-hal yang membutuhkan penyelesaian segera. | K9: 1.2.1 | L9: Pimpinan : Yang bersangkutan kurang dapat diandalkan ketika ada hal-hal yang membutuhkan penyelesaian segera. | N9: 1.2.1 | O9: Pimpinan : Yang bersangkutan kurang dapat diandalkan ketika ada hal-hal yang membutuhkan penyelesaian segera.
B10: 1.3 | E10: 1.3 | H10: 1.3 | K10: 1.3 | N10: 1.3
B11: 1.3.1 | E11: 1.3.1 | H11: 1.3.1 | K11: 1.3.1 | N11: 1.3.1
B12: 2. | C12: =IF($C$1="PENGAWAS",F12,IF($C$1="KEPALA SEKOLAH",I12,IF($C$1="GURU",L12,""))) -> Akuntabel | E12: 2. | F12: Akuntabel | H12: 2. | I12: Akuntabel | K12: 2. | L12: Akuntabel | N12: 2. | O12: Akuntabel
B13: 2.1 | C13: =IF($C$1="PENGAWAS",F13,IF($C$1="KEPALA SEKOLAH",I13,IF($C$1="GURU",L13,""))) -> Teman sejawat: Selalu menunjukkan sikap bertanggung jawab meskipun ada kesalahan yang dilakukan anggota timnya. | E13: 2.1 | F13: Teman sejawat: Selalu menunjukkan sikap bertanggung jawab meskipun ada kesalahan yang dilakukan anggota timnya. | H13: 2.1 | I13: Teman sejawat: Selalu menunjukkan sikap bertanggung jawab meskipun ada kesalahan yang dilakukan anggota timnya. | K13: 2.1 | L13: Teman sejawat: Selalu menunjukkan sikap bertanggung jawab meskipun ada kesalahan yang dilakukan anggota timnya. | N13: 2.1 | O13: Teman sejawat: Selalu menunjukkan sikap bertanggung jawab meskipun ada kesalahan yang dilakukan anggota timnya.
B14: 2.1.1 | C14: =IF($C$1="PENGAWAS",F14,IF($C$1="KEPALA SEKOLAH",I14,IF($C$1="GURU",L14,""))) -> Teman sejawat: Kurang menunjukkan sikap bertanggung jawab terlebih jika ada kesalahan yang dilakukan rekan timnya. | E14: 2.1.1 | F14: Teman sejawat: Kurang menunjukkan sikap bertanggung jawab terlebih jika ada kesalahan yang dilakukan rekan timnya. | H14: 2.1.1 | I14: Teman sejawat: Kurang menunjukkan sikap bertanggung jawab terlebih jika ada kesalahan yang dilakukan rekan timnya. | K14: 2.1.1 | L14: Teman sejawat: Kurang menunjukkan sikap bertanggung jawab terlebih jika ada kesalahan yang dilakukan rekan timnya. | N14: 2.1.1 | O14: Teman sejawat: Kurang menunjukkan sikap bertanggung jawab terlebih jika ada kesalahan yang dilakukan rekan timnya.
B15: 2.2 | C15: Pimpinan : Yang bersangkutan selalu merespon dengan cepat dan mengambil alternatif strategi. | E15: 2.2 | F15: Pimpinan : Yang bersangkutan selalu merespon dengan cepat dan mengambil alternatif strategi. | H15: 2.2 | I15: Pimpinan : Yang bersangkutan selalu merespon dengan cepat dan mengambil alternatif strategi. | K15: 2.2 | L15: Pimpinan : Yang bersangkutan selalu merespon dengan cepat dan mengambil alternatif strategi. | N15: 2.2 | O15: Pimpinan : Yang bersangkutan selalu merespon dengan cepat dan mengambil alternatif strategi.
B16: 2.2.1 | C16: =IF($C$1="PENGAWAS",F16,IF($C$1="KEPALA SEKOLAH",I16,IF($C$1="GURU",L16,""))) -> Pimpinan : Yang bersangkutan kurang atau tidak merespon dengan baik dan tidak mengambil alternatif strategi. | E16: 2.2.1 | F16: Pimpinan : Yang bersangkutan kurang atau tidak merespon dengan baik dan tidak mengambil alternatif strategi. | H16: 2.2.1 | I16: Pimpinan : Yang bersangkutan kurang atau tidak merespon dengan baik dan tidak mengambil alternatif strategi. | K16: 2.2.1 | L16: Pimpinan : Yang bersangkutan kurang atau tidak merespon dengan baik dan tidak mengambil alternatif strategi. | N16: 2.2.1 | O16: Pimpinan : Yang bersangkutan kurang atau tidak merespon dengan baik dan tidak mengambil alternatif strategi.
B17: 2.3 | C17: =IF($C$1="PENGAWAS",F17,IF($C$1="KEPALA SEKOLAH",I17,IF($C$1="GURU",L17,""))) -> 0 | E17: 2.3 | H17: 2.3 | K17: 2.3 | N17: 2.3
B18: 2.3.1 | C18: =IF($C$1="PENGAWAS",F18,IF($C$1="KEPALA SEKOLAH",I18,IF($C$1="GURU",L18,""))) -> 0 | E18: 2.3.1 | H18: 2.3.1 | K18: 2.3.1 | N18: 2.3.1
B19: 3. | C19: =IF($C$1="PENGAWAS",F19,IF($C$1="KEPALA SEKOLAH",I19,IF($C$1="GURU",L19,""))) -> Kompeten | E19: 3. | F19: Kompeten | H19: 3. | I19: Kompeten | K19: 3. | L19: Kompeten | N19: 3. | O19: Kompeten
B20: 3.1 | C20: =IF($C$1="PENGAWAS",F20,IF($C$1="KEPALA SEKOLAH",I20,IF($C$1="GURU",L20,""))) -> Pimpinan: Memperhatikan pengembangan kompetensi dan selalu memberikan feedback kepada teman dan pimpinan. | E20: 3.1 | F20: Pimpinan: Memperhatikan pengembangan kompetensi dan selalu memberikan feedback kepada teman dan pimpinan. | H20: 3.1 | I20: Pimpinan: Memperhatikan pengembangan kompetensi dan selalu memberikan feedback kepada teman dan pimpinan. | K20: 3.1 | L20: Pimpinan: Memperhatikan pengembangan kompetensi dan selalu memberikan feedback kepada teman dan pimpinan. | N20: 3.1 | O20: Pimpinan: Memperhatikan pengembangan kompetensi dan selalu memberikan feedback kepada teman dan pimpinan.
B21: 3.1.1 | C21: =IF($C$1="PENGAWAS",F21,IF($C$1="KEPALA SEKOLAH",I21,IF($C$1="GURU",L21,""))) -> Pimpinan: Kurang memperhatikan pengembangan kompetensi dan jarang memberikan feedback kepada teman atau pimpinan. | E21: 3.1.1 | F21: Pimpinan: Kurang memperhatikan pengembangan kompetensi dan jarang memberikan feedback kepada teman atau pimpinan. | H21: 3.1.1 | I21: Pimpinan: Kurang memperhatikan pengembangan kompetensi dan jarang memberikan feedback kepada teman atau pimpinan. | K21: 3.1.1 | L21: Pimpinan: Kurang memperhatikan pengembangan kompetensi dan jarang memberikan feedback kepada teman atau pimpinan. | N21: 3.1.1 | O21: Pimpinan: Kurang memperhatikan pengembangan kompetensi dan jarang memberikan feedback kepada teman atau pimpinan.
B22: 3.2 | C22: =IF($C$1="PENGAWAS",F22,IF($C$1="KEPALA SEKOLAH",I22,IF($C$1="GURU",L22,""))) -> Pimpinan: Tugas dari pimpinan hampir selalu dikerjakan dengan baik | E22: 3.2 | F22: Pimpinan: Tugas dari pimpinan hampir selalu dikerjakan dengan baik | H22: 3.2 | I22: Pimpinan: Tugas dari pimpinan hampir selalu dikerjakan dengan baik | K22: 3.2 | L22: Pimpinan: Tugas dari pimpinan hampir selalu dikerjakan dengan baik | N22: 3.2 | O22: Pimpinan: Tugas dari pimpinan hampir selalu dikerjakan dengan baik
B23: 3.2.1 | C23: =IF($C$1="PENGAWAS",F23,IF($C$1="KEPALA SEKOLAH",I23,IF($C$1="GURU",L23,""))) -> Pimpinan: Tugas dari pimpinan jarang dilaksanakan dengan baik. | E23: 3.2.1 | F23: Pimpinan: Tugas dari pimpinan jarang dilaksanakan dengan baik. | H23: 3.2.1 | I23: Pimpinan: Tugas dari pimpinan jarang dilaksanakan dengan baik. | K23: 3.2.1 | L23: Pimpinan: Tugas dari pimpinan jarang dilaksanakan dengan baik. | N23: 3.2.1 | O23: Pimpinan: Tugas dari pimpinan jarang dilaksanakan dengan baik.
B24: 3.3 | C24: =IF($C$1="PENGAWAS",F24,IF($C$1="KEPALA SEKOLAH",I24,IF($C$1="GURU",L24,""))) -> 0 | E24: 3.3 | H24: 3.3 | K24: 3.3 | N24: 3.3
B25: 3.3.1 | C25: =IF($C$1="PENGAWAS",F25,IF($C$1="KEPALA SEKOLAH",I25,IF($C$1="GURU",L25,""))) -> 0 | E25: 3.3.1 | H25: 3.3.1 | K25: 3.3.1 | N25: 3.3.1
B26: 4. | C26: =IF($C$1="PENGAWAS",F26,IF($C$1="KEPALA SEKOLAH",I26,IF($C$1="GURU",L26,""))) -> Harmonis | E26: 4. | F26: Harmonis | H26: 4. | I26: Harmonis | K26: 4. | L26: Harmonis | N26: 4. | O26: Harmonis
B27: 4.1 | C27: =IF($C$1="PENGAWAS",F27,IF($C$1="KEPALA SEKOLAH",I27,IF($C$1="GURU",L27,""))) -> Pimpinan: Mampu menciptakan lingkungan yang kondusif di tim kerjanya terlihat dari tidak adanya anggota tim / teman sejawat yang berkonflik. | E27: 4.1 | F27: Pimpinan: Mampu menciptakan lingkungan yang kondusif di tim kerjanya terlihat dari tidak adanya anggota tim / teman sejawat yang berkonflik. | H27: 4.1 | I27: Pimpinan: Mampu menciptakan lingkungan yang kondusif di tim kerjanya terlihat dari tidak adanya anggota tim / teman sejawat yang berkonflik. | K27: 4.1 | L27: Pimpinan: Mampu menciptakan lingkungan yang kondusif di tim kerjanya terlihat dari tidak adanya anggota tim / teman sejawat yang berkonflik. | N27: 4.1 | O27: Pimpinan: Mampu menciptakan lingkungan yang kondusif di tim kerjanya terlihat dari tidak adanya anggota tim / teman sejawat yang berkonflik.
B28: 4.1.1 | C28: =IF($C$1="PENGAWAS",F28,IF($C$1="KEPALA SEKOLAH",I28,IF($C$1="GURU",L28,""))) -> Pimpinan: Kurang mampu menciptakan lingkungan yang kondusif di tim kerjanya terlihat dari adanya anggota tim / teman sejawat yang berkonflik. | E28: 4.1.1 | F28: Pimpinan: Kurang mampu menciptakan lingkungan yang kondusif di tim kerjanya terlihat dari adanya anggota tim / teman sejawat yang berkonflik. | H28: 4.1.1 | I28: Pimpinan: Kurang mampu menciptakan lingkungan yang kondusif di tim kerjanya terlihat dari adanya anggota tim / teman sejawat yang berkonflik. | K28: 4.1.1 | L28: Pimpinan: Kurang mampu menciptakan lingkungan yang kondusif di tim kerjanya terlihat dari adanya anggota tim / teman sejawat yang berkonflik. | N28: 4.1.1 | O28: Pimpinan: Kurang mampu menciptakan lingkungan yang kondusif di tim kerjanya terlihat dari adanya anggota tim / teman sejawat yang berkonflik.
B29: 4.2 | C29: =IF($C$1="PENGAWAS",F29,IF($C$1="KEPALA SEKOLAH",I29,IF($C$1="GURU",L29,""))) -> 0 | E29: 4.2 | H29: 4.2 | K29: 4.2 | N29: 4.2
B30: 4.2.1 | C30: =IF($C$1="PENGAWAS",F30,IF($C$1="KEPALA SEKOLAH",I30,IF($C$1="GURU",L30,""))) -> 0 | E30: 4.2.1 | H30: 4.2.1 | K30: 4.2.1 | N30: 4.2.1
B31: 4.3 | C31: =IF($C$1="PENGAWAS",F31,IF($C$1="KEPALA SEKOLAH",I31,IF($C$1="GURU",L31,""))) -> 0 | E31: 4.3 | H31: 4.3 | K31: 4.3 | N31: 4.3
B32: 4.3.1 | C32: =IF($C$1="PENGAWAS",F32,IF($C$1="KEPALA SEKOLAH",I32,IF($C$1="GURU",L32,""))) -> 0 | E32: 4.3.1 | H32: 4.3.1 | K32: 4.3.1 | N32: 4.3.1
B33: 5. | C33: =IF($C$1="PENGAWAS",F33,IF($C$1="KEPALA SEKOLAH",I33,IF($C$1="GURU",L33,""))) -> Loyal | E33: 5. | F33: Loyal | H33: 5. | I33: Loyal | K33: 5. | L33: Loyal | N33: 5. | O33: Loyal
B34: 5.1 | C34: =IF($C$1="PENGAWAS",F34,IF($C$1="KEPALA SEKOLAH",I34,IF($C$1="GURU",L34,""))) -> Pimpinan: Arahan pimpinan selalu ditindaklanjuti dengan baik dan progresnya selalu dilaporkan dengan tepat waktu. | E34: 5.1 | F34: Pimpinan: Arahan pimpinan selalu ditindaklanjuti dengan baik dan progresnya selalu dilaporkan dengan tepat waktu. | H34: 5.1 | I34: Pimpinan: Arahan pimpinan selalu ditindaklanjuti dengan baik dan progresnya selalu dilaporkan dengan tepat waktu. | K34: 5.1 | L34: Pimpinan: Arahan pimpinan selalu ditindaklanjuti dengan baik dan progresnya selalu dilaporkan dengan tepat waktu. | N34: 5.1 | O34: Pimpinan: Arahan pimpinan selalu ditindaklanjuti dengan baik dan progresnya selalu dilaporkan dengan tepat waktu.
B35: 5.1.1 | C35: =IF($C$1="PENGAWAS",F35,IF($C$1="KEPALA SEKOLAH",I35,IF($C$1="GURU",L35,""))) -> Pimpinan: Arahan pimpinan jarang ditindaklanjuti dengan baik dan progresnya jarang dilaporkan dengan tepat waktu. | E35: 5.1.1 | F35: Pimpinan: Arahan pimpinan jarang ditindaklanjuti dengan baik dan progresnya jarang dilaporkan dengan tepat waktu. | H35: 5.1.1 | I35: Pimpinan: Arahan pimpinan jarang ditindaklanjuti dengan baik dan progresnya jarang dilaporkan dengan tepat waktu. | K35: 5.1.1 | L35: Pimpinan: Arahan pimpinan jarang ditindaklanjuti dengan baik dan progresnya jarang dilaporkan dengan tepat waktu. | N35: 5.1.1 | O35: Pimpinan: Arahan pimpinan jarang ditindaklanjuti dengan baik dan progresnya jarang dilaporkan dengan tepat waktu.
B36: 5.2 | C36: =IF($C$1="PENGAWAS",F36,IF($C$1="KEPALA SEKOLAH",I36,IF($C$1="GURU",L36,""))) -> Pimpinan: Selalu siap kapanpun pimpinan membutuhkan, yang bersangkutan siap membantu pimpinan meskipun di luar jam kerja. | E36: 5.2 | F36: Pimpinan: Selalu siap kapanpun pimpinan membutuhkan, yang bersangkutan siap membantu pimpinan meskipun di luar jam kerja. | H36: 5.2 | I36: Pimpinan: Selalu siap kapanpun pimpinan membutuhkan, yang bersangkutan siap membantu pimpinan meskipun di luar jam kerja. | K36: 5.2 | L36: Pimpinan: Selalu siap kapanpun pimpinan membutuhkan, yang bersangkutan siap membantu pimpinan meskipun di luar jam kerja. | N36: 5.2 | O36: Pimpinan: Selalu siap kapanpun pimpinan membutuhkan, yang bersangkutan siap membantu pimpinan meskipun di luar jam kerja.
B37: 5.2.1 | C37: =IF($C$1="PENGAWAS",F37,IF($C$1="KEPALA SEKOLAH",I37,IF($C$1="GURU",L37,""))) -> Pimpinan: Tidak siap kapanpun pimpinan membutuhkan, yang bersangkutan kurang responsif dalam membantu pimpinan meskipun di luar jam kerja. | E37: 5.2.1 | F37: Pimpinan: Tidak siap kapanpun pimpinan membutuhkan, yang bersangkutan kurang responsif dalam membantu pimpinan meskipun di luar jam kerja. | H37: 5.2.1 | I37: Pimpinan: Tidak siap kapanpun pimpinan membutuhkan, yang bersangkutan kurang responsif dalam membantu pimpinan meskipun di luar jam kerja. | K37: 5.2.1 | L37: Pimpinan: Tidak siap kapanpun pimpinan membutuhkan, yang bersangkutan kurang responsif dalam membantu pimpinan meskipun di luar jam kerja. | N37: 5.2.1 | O37: Pimpinan: Tidak siap kapanpun pimpinan membutuhkan, yang bersangkutan kurang responsif dalam membantu pimpinan meskipun di luar jam kerja.
B38: 5.3 | C38: =IF($C$1="PENGAWAS",F38,IF($C$1="KEPALA SEKOLAH",I38,IF($C$1="GURU",L38,""))) -> 0 | E38: 5.3 | H38: 5.3 | K38: 5.3 | N38: 5.3
B39: 5.3.1 | C39: =IF($C$1="PENGAWAS",F39,IF($C$1="KEPALA SEKOLAH",I39,IF($C$1="GURU",L39,""))) -> 0 | E39: 5.3.1 | H39: 5.3.1 | K39: 5.3.1 | N39: 5.3.1
B40: 6. | C40: =IF($C$1="PENGAWAS",F40,IF($C$1="KEPALA SEKOLAH",I40,IF($C$1="GURU",L40,""))) -> Adaptif | E40: 6. | F40: Adaptif | H40: 6. | I40: Adaptif | K40: 6. | L40: Adaptif | N40: 6. | O40: Adaptif
B41: 6.1 | C41: =IF($C$1="PENGAWAS",F41,IF($C$1="KEPALA SEKOLAH",I41,IF($C$1="GURU",L41,""))) -> Pimpinan: antusias mempelajari hal baru terlihat dari upaya upaya yang bersangkutan ketika mendapat penugasan baru. | E41: 6.1 | F41: Pimpinan: antusias mempelajari hal baru terlihat dari upaya upaya yang bersangkutan ketika mendapat penugasan baru. | H41: 6.1 | I41: Pimpinan: antusias mempelajari hal baru terlihat dari upaya upaya yang bersangkutan ketika mendapat penugasan baru. | K41: 6.1 | L41: Pimpinan: antusias mempelajari hal baru terlihat dari upaya upaya yang bersangkutan ketika mendapat penugasan baru. | N41: 6.1 | O41: Pimpinan: antusias mempelajari hal baru terlihat dari upaya upaya yang bersangkutan ketika mendapat penugasan baru.
B42: 6.1.1 | C42: =IF($C$1="PENGAWAS",F42,IF($C$1="KEPALA SEKOLAH",I42,IF($C$1="GURU",L42,""))) -> Pimpinan: Kurang antusias mempelajari hal baru terlihat dari upaya upaya yang bersangkutan ketika mendapat penugasan baru. | E42: 6.1.1 | F42: Pimpinan: Kurang antusias mempelajari hal baru terlihat dari upaya upaya yang bersangkutan ketika mendapat penugasan baru. | H42: 6.1.1 | I42: Pimpinan: Kurang antusias mempelajari hal baru terlihat dari upaya upaya yang bersangkutan ketika mendapat penugasan baru. | K42: 6.1.1 | L42: Pimpinan: Kurang antusias mempelajari hal baru terlihat dari upaya upaya yang bersangkutan ketika mendapat penugasan baru. | N42: 6.1.1 | O42: Pimpinan: Kurang antusias mempelajari hal baru terlihat dari upaya upaya yang bersangkutan ketika mendapat penugasan baru.
B43: 6.2 | C43: =IF($C$1="PENGAWAS",F43,IF($C$1="KEPALA SEKOLAH",I43,IF($C$1="GURU",L43,""))) -> Pimpinan: Ketika ada perubahan arah strategi dari pimpinan langsung ditindaklanjuti dengan penyesuaian dan resisten. | E43: 6.2 | F43: Pimpinan: Ketika ada perubahan arah strategi dari pimpinan langsung ditindaklanjuti dengan penyesuaian dan resisten. | H43: 6.2 | I43: Pimpinan: Ketika ada perubahan arah strategi dari pimpinan langsung ditindaklanjuti dengan penyesuaian dan resisten. | K43: 6.2 | L43: Pimpinan: Ketika ada perubahan arah strategi dari pimpinan langsung ditindaklanjuti dengan penyesuaian dan resisten. | N43: 6.2 | O43: Pimpinan: Ketika ada perubahan arah strategi dari pimpinan langsung ditindaklanjuti dengan penyesuaian dan resisten.
B44: 6.2.1 | C44: =IF($C$1="PENGAWAS",F44,IF($C$1="KEPALA SEKOLAH",I44,IF($C$1="GURU",L44,""))) -> Pimpinan: Ketika ada perubahan arah strategi dari pimpinan, tidak langsung ditindaklanjuti dengan penyesuaian dan tidak resisten. | E44: 6.2.1 | F44: Pimpinan: Ketika ada perubahan arah strategi dari pimpinan, tidak langsung ditindaklanjuti dengan penyesuaian dan tidak resisten. | H44: 6.2.1 | I44: Pimpinan: Ketika ada perubahan arah strategi dari pimpinan, tidak langsung ditindaklanjuti dengan penyesuaian dan tidak resisten. | K44: 6.2.1 | L44: Pimpinan: Ketika ada perubahan arah strategi dari pimpinan, tidak langsung ditindaklanjuti dengan penyesuaian dan tidak resisten. | N44: 6.2.1 | O44: Pimpinan: Ketika ada perubahan arah strategi dari pimpinan, tidak langsung ditindaklanjuti dengan penyesuaian dan tidak resisten.
B45: 6.3 | C45: =IF($C$1="PENGAWAS",F45,IF($C$1="KEPALA SEKOLAH",I45,IF($C$1="GURU",L45,""))) -> 0 | E45: 6.3 | H45: 6.3 | K45: 6.3 | N45: 6.3
B46: 6.3.1 | C46: =IF($C$1="PENGAWAS",F46,IF($C$1="KEPALA SEKOLAH",I46,IF($C$1="GURU",L46,""))) -> 0 | E46: 6.3.1 | H46: 6.3.1 | K46: 6.3.1 | N46: 6.3.1
B47: 7. | C47: =IF($C$1="PENGAWAS",F47,IF($C$1="KEPALA SEKOLAH",I47,IF($C$1="GURU",L47,""))) -> Kolaboratif | E47: 7. | F47: Kolaboratif | H47: 7. | I47: Kolaboratif | K47: 7. | L47: Kolaboratif | N47: 7. | O47: Kolaboratif
B48: 7.1 | C48: =IF($C$1="PENGAWAS",F48,IF($C$1="KEPALA SEKOLAH",I48,IF($C$1="GURU",L48,""))) -> Teman sejawat: Sangat terbuka terhadap masukan dari teman sejawat karena ketika dialog selalu 2 arah. | E48: 7.1 | F48: Teman sejawat: Sangat terbuka terhadap masukan dari teman sejawat karena ketika dialog selalu 2 arah. | H48: 7.1 | I48: Teman sejawat: Sangat terbuka terhadap masukan dari teman sejawat karena ketika dialog selalu 2 arah. | K48: 7.1 | L48: Teman sejawat: Sangat terbuka terhadap masukan dari teman sejawat karena ketika dialog selalu 2 arah. | N48: 7.1 | O48: Teman sejawat: Sangat terbuka terhadap masukan dari teman sejawat karena ketika dialog selalu 2 arah.
B49: 7.1.1 | C49: =IF($C$1="PENGAWAS",F49,IF($C$1="KEPALA SEKOLAH",I49,IF($C$1="GURU",L49,""))) -> Teman sejawat: Kurang terbuka terhadap masukan dari teman sejawat karena ketika dialog selalu menggunakan konsepnya sendiri. | E49: 7.1.1 | F49: Teman sejawat: Kurang terbuka terhadap masukan dari teman sejawat karena ketika dialog selalu menggunakan konsepnya sendiri. | H49: 7.1.1 | I49: Teman sejawat: Kurang terbuka terhadap masukan dari teman sejawat karena ketika dialog selalu menggunakan konsepnya sendiri. | K49: 7.1.1 | L49: Teman sejawat: Kurang terbuka terhadap masukan dari teman sejawat karena ketika dialog selalu menggunakan konsepnya sendiri. | N49: 7.1.1 | O49: Teman sejawat: Kurang terbuka terhadap masukan dari teman sejawat karena ketika dialog selalu menggunakan konsepnya sendiri.
B50: 7.2 | C50: =IF($C$1="PENGAWAS",F50,IF($C$1="KEPALA SEKOLAH",I50,IF($C$1="GURU",L50,""))) -> 0 | E50: 7.2 | H50: 7.2 | K50: 7.2 | N50: 7.2
B51: 7.2.1 | C51: =IF($C$1="PENGAWAS",F51,IF($C$1="KEPALA SEKOLAH",I51,IF($C$1="GURU",L51,""))) -> 0 | E51: 7.2.1 | H51: 7.2.1 | K51: 7.2.1 | N51: 7.2.1
B52: 7.3 | C52: =IF($C$1="PENGAWAS",F52,IF($C$1="KEPALA SEKOLAH",I52,IF($C$1="GURU",L52,""))) -> 0 | E52: 7.3 | H52: 7.3 | K52: 7.3 | N52: 7.3
B53: 7.3.1 | C53: =IF($C$1="PENGAWAS",F53,IF($C$1="KEPALA SEKOLAH",I53,IF($C$1="GURU",L53,""))) -> 0 | E53: 7.3.1 | H53: 7.3.1 | K53: 7.3.1 | N53: 7.3.1

Sheet KUADRAN
F1: HOME
B2: PREDIKAT KINERJA PEGAWAI
B3: Hasil Kerja | C3: Perilaku Kerja | D3: Hasil Kerja dan Perilaku Kerja | E3: Hasil
B4: Di Atas Ekspektasi | C4: Di Atas Ekspektasi | D4: =B4&C4 -> Di Atas EkspektasiDi Atas Ekspektasi | E4: SANGAT BAIK
B5: Sesuai Ekspektasi | C5: Di Atas Ekspektasi | D5: =B5&C5 -> Sesuai EkspektasiDi Atas Ekspektasi | E5: BAIK
B6: Di Bawah Ekspektasi | C6: Di Atas Ekspektasi | D6: =B6&C6 -> Di Bawah EkspektasiDi Atas Ekspektasi | E6: BUTUH PERBAIKAN
B7: Di Atas Ekspektasi | C7: Sesuai Ekspektasi | D7: =B7&C7 -> Di Atas EkspektasiSesuai Ekspektasi | E7: BAIK
B8: Sesuai Ekspektasi | C8: Sesuai Ekspektasi | D8: =B8&C8 -> Sesuai EkspektasiSesuai Ekspektasi | E8: BAIK
B9: Di Bawah Ekspektasi | C9: Sesuai Ekspektasi | D9: =B9&C9 -> Di Bawah EkspektasiSesuai Ekspektasi | E9: BUTUH PERBAIKAN
B10: Di Atas Ekspektasi | C10: Di Bawah Ekspektasi | D10: =B10&C10 -> Di Atas EkspektasiDi Bawah Ekspektasi | E10: KURANG/MISS CONDUCT
B11: Sesuai Ekspektasi | C11: Di Bawah Ekspektasi | D11: =B11&C11 -> Sesuai EkspektasiDi Bawah Ekspektasi | E11: KURANG/MISS CONDUCT
B12: Di Bawah Ekspektasi | C12: Di Bawah Ekspektasi | D12: =B12&C12 -> Di Bawah EkspektasiDi Bawah Ekspektasi | E12: SANGAT KURANG
B13: Di Atas Ekspektasi | C13: Di Atas Ekspektasi | D13: =B13&C13 -> Di Atas EkspektasiDi Atas Ekspektasi | E13: SANGAT BAIK
B14: Di Atas Ekspektasi | C14: Sesuai Ekspektasi | D14: =B14&C14 -> Di Atas EkspektasiSesuai Ekspektasi | E14: BAIK
B15: Di Atas Ekspektasi | C15: Di Bawah Ekspektasi | D15: =B15&C15 -> Di Atas EkspektasiDi Bawah Ekspektasi | E15: KURANG/MISS CONDUCT
... B21: Di Bawah Ekspektasi | C21: Di Bawah Ekspektasi | D21: =B21&C21 -> Di Bawah EkspektasiDi Bawah Ekspektasi | E21: SANGAT KURANG
B23: HASIL KERJA
B24: Di Atas Ekspektasi | C24: =E10 -> KURANG/MISS CONDUCT | D24: =E7 -> BAIK | E24: =E4 -> SANGAT BAIK
B25: Sesuai Ekspektasi | C25: =E11 -> KURANG/MISS CONDUCT | D25: =E8 -> BAIK | E25: =E5 -> BAIK
B26: Di Bawah Ekspektasi | C26: =E12 -> SANGAT KURANG | D26: =E9 -> BUTUH PERBAIKAN | E26: =E6 -> BUTUH PERBAIKAN
C27: Di Bawah Ekspektasi | D27: Sesuai Ekspektasi | E27: Di Atas Ekspektasi
D28: PERILAKU KERJA

Sheet POLA DISTRIBUSI
A1: HOME
B2: ISTIMEWA | E2: BAIK | H2: BUTUH PERBAIKAN | K2: MISCONDUCT / KURANG | N2: Sangat Kurang
B3: Kategori | C3: Pola Distribusi | E3: Kategori | F3: KURVA DISTRIBUSI PREDIKAT KINERA PEGAWAI DENGAN CAPAIAN KINERJA ORGANISASI BAIK | H3: Kategori | I3: Pola Distribusi | K3: Kategori | L3: Pola Distribusi | N3: Kategori | O3: Pola Distribusi
B4: Sangat Kurang | C4: 0 | E4: Sangat Kurang | F4: 0 | H4: Sangat Kurang | I4: 3 | K4: Sangat Kurang | L4: 2 | N4: Sangat Kurang | O4: 13
B5: Kurang/Misconduct | C5: 0 | E5: Kurang/ Misconduct | F5: 0 | H5: Kurang/Misconduct | I5: 4 | K5: Kurang/Misconduct | L5: 11 | N5: Kurang/Misconduct | O5: 7
B6: Butuh Perbaikan | C6: 0 | E6: Butuh Perbaikan | F6: 1 | H6: Butuh Perbaikan | I6: 10 | K6: Butuh Perbaikan | L6: 6 | N6: Butuh Perbaikan | O6: 3
B7: Baik | C7: 16 | E7: Baik | F7: 16 | H7: Baik | I7: 4 | K7: Baik | L7: 3 | N7: Baik | O7: 1
B8: Sangat Baik | C8: 1 | E8: Sangat Baik | F8: 2 | H8: Sangat Baik | I8: 3 | K8: Sangat Baik | L8: 2 | N8: Sangat Baik | O8: 0
B9: Jumlah | C9: =SUM(C4:C8) -> 17 | E9: Jumlah | F9: =SUM(F4:F8) -> 19 | H9: Jumlah | I9: =SUM(I4:I8) -> 24 | K9: Jumlah | L9: =SUM(L4:L8) -> 24 | N9: Jumlah | O9: =SUM(O4:O8) -> 24

Sheet MPH_1-2
C1: HOME
B2: MATRIKS PEMBAGIAN PERAN DAN HASIL
B4: PEGAWAI | C4: JABATAN | D4: OUTCOME ANTARA/OUTPUT/LAYANAN
G5: RENCANA HASIL KERJA ATASAN YANG DIINTERVENSI
B6: NAMA PEJABAT PIMPINAN TINGGI / PIMPINAN UNIT KERJA MANDIRI | C6: NAMA JABATAN | D6: =D8 -> PERAN HASIL (KINERJA UTAMA) 1 | E6: =E8 -> PERAN HASIL (KINERJA UTAMA) 2 | F6: =F8 -> PERAN HASIL (KINERJA UTAMA) 3 | G6: =G8 -> PERAN HASIL (KINERJA UTAMA) 4 | H6: =H8 -> PERAN HASIL (KINERJA UTAMA) 5 | I6: =I8 -> PERAN HASIL (KINERJA TAMBAHAN) 1 | J6: =J8 -> PERAN HASIL (KINERJA TAMBAHAN) 2
B7: KADIS | C7: KEPALA DINAS | D7: Dokumen Program pelaksanaan tugas sesuai dengan bidang tugasnya sebagai bentuk akuntabilitas kinerja pada Dinas Pendidikan Kab. Lampung Utara | E7: Laporan pelaksanaan tugas sesuai dengan tugas yang telah direncanakan sebagai bentuk akuntabilitas kinerja pada Dinas Pendidikan Kab. Lampung Utara | F7: Laporan pelaksanaan tugas sesuai dengan tugas yang telah direncanakan sebagai bentuk akuntabilitas kinerja pada Dinas Pendidikan Kab. Lampung Utara | G7: Laporan evaluasi hasil pelaksanaan tugas sesuai dengan tugas yang telah direncanakan sebagai bentuk akuntabilitas kinerja pada Dinas Pendidikan Kab. Lampung Utara | H7: Laporan kegiatan peningkatan kompetensi dan pengembangan karir ASN di lingkungan Dinas Pendidikan Kab. Lampung Utara | I7: Laporan tugas kedinasan lain yang diberikan pimpinan baik lisan maupun tertulis. | J7: Laporan kegiatan peningkatan kompetensi dan pengembangan karir ASN di lingkungan Dinas Pendidikan Kab. Lampung Utara
B8: NAMA PEGAWAI | C8: NAMA JABATAN | D8: ="PERAN HASIL (KINERJA UTAMA) "&'SKP JF (KUANTITATIF)'!B17&"" -> PERAN HASIL (KINERJA UTAMA) 1 | E8: ="PERAN HASIL (KINERJA UTAMA) "&'SKP JF (KUANTITATIF)'!B20&"" -> PERAN HASIL (KINERJA UTAMA) 2 | F8: ="PERAN HASIL (KINERJA UTAMA) "&'SKP JF (KUANTITATIF)'!B23&"" -> PERAN HASIL (KINERJA UTAMA) 3 | G8: ="PERAN HASIL (KINERJA UTAMA) "&'SKP JF (KUANTITATIF)'!B26&"" -> PERAN HASIL (KINERJA UTAMA) 4 | H8: ="PERAN HASIL (KINERJA UTAMA) "&'SKP JF (KUANTITATIF)'!B29&"" -> PERAN HASIL (KINERJA UTAMA) 5 | I8: ="PERAN HASIL (KINERJA TAMBAHAN) "&'SKP JF (KUANTITATIF)'!B33&"" -> PERAN HASIL (KINERJA TAMBAHAN) 1 | J8: ="PERAN HASIL (KINERJA TAMBAHAN) "&'SKP JF (KUANTITATIF)'!B36&"" -> PERAN HASIL (KINERJA TAMBAHAN) 2
D9: Sesuai dengan Permendikbud No. 15 Tahun 2018, Lampiran I, II dan III. Beban Kerja Tugas Pokok Guru, Kepala Sekolah dan Pengawas Sekolah
B10: PENGAWAS SEKOLAH | C10: PENGAWAS SEKOLAH AHLI MADYA | D10: Dokumen Program Pengawasan Sekolah (Pembinaan, pemantauan, penilaian kinerja) dan Program Pembimbingan Pelatihan Guru dan atau Kepala Sekolah pada 4 sekolah binaan. | E10: Laporan pelaksanaan Pengawasan Sekolah (Pembinaan, Pemantauan SNP, Penilaian Kinerja Guru dan atau Kepala Sekolah) pada 4 sekolah binaan. | F10: Laporan pelaksanaan Pembimbingan Pelatihan Guru dan atau Kepala Sekolah pada 4 sekolah binaan. | G10: Laporan evaluasi hasil pelaksanaan Pengawasan sekolah (Pembinaan, pemantauan dan penilaian kinerja) dan Pembimbingan Pelatihan Guru dan atau Kepala Sekolah pada 4 sekolah binaan. | H10: Laporan Pengembangan Profesi Pengawas dalam bentuk diklat fungsional pengawas dan atau Karya Tulis Ilmiah. | I10: Dokumen kegiatan Tugas tambahan sebagai Anggota / Pengurus APSI Kab. Lampung Utara | J10: Dokumen kegiatan mengikuti Seminar dan atau Webinar di Lingkungan APSI Pusat.
B11: KEPALA SEKOLAH | D11: Dokumen Program Kerja Kepala Sekolah (Manajerial, Kewirausahaan dan Supervisi Guru-Tendik) dalam penyelenggaraan dan pengelolaan sekolah. | E11: Laporan pelaksanaan Program (Manajerial, Kewirausahaan dan Supervisi Guru dan Tendik) dalam penyelenggaraan dan pengelolaan Sekolah. | F11: Laporan evaluasi hasil pelaksanaan Manajerial, Kewirausahaan dan Supervisi Guru dan Tendik dalam penyelenggaraan dan pengelolaan Sekolah. | G11: Laporan Tugas tambahan sebagai Anggota / Pengurus MKKS Provinsi Lampung. | H11: Laporan Pengembangan Keprofesian Berkelanjutan Kepala Sekolah dalam bentuk diklat fungsional Kepala Sekolah dan atau Karya Tulis Ilmiah | I11: Laporan Tugas tambahan sebagai Anggota / Pengurus PGRI Provinsi Lampung. | J11: Laporan kegiatan mengikuti Seminar dan atau Webinar Pendidikan di Lingkungan daerah dan Pusat.
B12: GURU | D12: Dokumen Program Perencanaan Pembelajaran dan Administrasi guru dalam pelaksanaan pembelajaran. | E12: Laporan Pelaksanaan dan Penilaian Pembelajaran dan Administrasi guru dalam pelaksanaan pembelajaran. (PK-Guru) | F12: Laporan evaluasi hasil Pelaksanaan dan Penilaian Pembelajaran dan Administrasi guru dalam pelaksanaan pembelajaran. | G12: Laporan kegiatan menjadi Waka Bidang Kurikulum di sekolah. | H12: Laporan Pengembangan Keprofesian Berkelanjutan Guru dalam bentuk diklat fungsional guru dan atau Karya Tulis Ilmiah | I12: Dokumen kegiatan Tugas tambahan sebagai Anggota / Pengurus PGRI Provinsi Lampung. | J12: Laporan kegiatan mengikuti Seminar dan atau Webinar Pendidikan di Lingkungan daerah dan Pusat.
B13: NAMA PEGAWAI 2 | C13: - | D13: - | E13: - | F13: - | G13: - | H13: - | I13: - | J13: -

Sheet TUPOKSI
B1: HOME
C2: KOMPONEN KEGIATAN DISUSUN BERDASARKAN DIALOG KERJA ORGANISASI DENGAN MELIHAT TUPOKSI MASING-MASING JABATAN
C3: Komponen Kinerja Dinas (1), Cabdin (2), dan Kepala Sekolah (4) | E3: Komponen Kinerja Pengawas (3), KS (4) dan Guru (5) (Permendikbud No.15-2018)
C4: INTERVENSI ATASAN LANGSUNG | E4: BEBAN KERJA, TUGAS POKOK DAN FUNGSI
B5: KODE | C5: RENCANA KERJA INTERVENSI ATASAN | E5: KODE | F5: INDIKATOR KINERJA INDIVIDU
B6: 1. | C6: DINAS | E6: 3. | F6: PENGAWAS
C7: KINERJA UTAMA | F7: TUGAS UTAMA
B8: 1.1 | C8: Meningkatnya aksesibilitas dan kualitas Pendidikan Dasar Dinas Pendidikan Kab. Lampung Utara | E8: 3.1 | F8: Dokumen Program Pengawasan Sekolah (Pembinaan, pemantauan, penilaian kinerja) dan Program Pembimbingan Pelatihan Guru dan atau Kepala Sekolah pada 4 sekolah binaan.
B9: 1.2 | C9: Laporan Pelaksanaan kegiatan Program Peningkatan aksesibilitas dan kualitas pendidikan Dinas Pendidikan Kab. Lampung Utara | E9: 3.2 | F9: Laporan pelaksanaan Pengawasan Sekolah (Pembinaan, Pemantauan SNP, Penilaian Kinerja Guru dan atau Kepala Sekolah) pada 4 sekolah binaan.
B10: 1.3 | C10: Laporan Evaluasi Hasil Program Peningkatan aksesibilitas dan kualitas sesuai peraturan yang berlaku secara efektif dan efisien. | E10: 3.3 | F10: Laporan pelaksanaan Pembimbingan Pelatihan Guru dan atau Kepala Sekolah pada 4 sekolah binaan.
C11: KINERJA TAMBAHAN | E11: 3.4 | F11: Laporan evaluasi hasil pelaksanaan Pengawasan sekolah (Pembinaan, pemantauan dan penilaian kinerja) dan Pembimbingan Pelatihan Guru dan atau Kepala Sekolah pada 4 sekolah binaan.
B12: 1.4 | C12: Dokumen tugas kedinasan lain yang diberikan pimpinan baik lisan maupun tertulis dilingkungan Dinas Pendidikan Kab. Lampung Utara | E12: 3.5 | F12: Laporan Pengembangan Profesi Pengawas dalam bentuk diklat fungsional pengawas dan atau Karya Tulis Ilmiah.
B13: 1.5 | C13: Dokumen kegiatan peningkatan kompetensi dan pengembangan karir ASN di lingkungan Dinas Pendidikan Kab. Lampung Utara | E13: 3.1.1 | F13: Program Pendampingan dalam penyusunan perencanaan, pelaksanaan, evaluasi kegiatan dan umpan balik dari pelaksanaan rencana kerja dan anggaran sekolah berdasarkan analisis Rapor Pendidikan sesuai kebutuhan sekolah.
E14: 3.2.1 | F14: Laporan pelaksanaan pendampingan dalam penyusunan perencanaan, pelaksanaan, evaluasi kegiatan dan umpan balik dari pelaksanaan rencana kerja dan anggaran sekolah berdasarkan analisis Rapor Pendidikan sesuai kebutuhan sekolah.
E15: 3.3.1 | F15: Laporan evaluasi hasil pendampingan dalam penyusunan perencanaan, pelaksanaan, evaluasi kegiatan dan umpan balik dari pelaksanaan rencana kerja dan anggaran sekolah berdasarkan analisis Rapor Pendidikan sesuai kebutuhan sekolah.
B16: 2. | C16: KACABDIN | E16: 3.4.1 | F16: Laporan Penilaian Kinerja Kepala Sekolah binaan.
C17: KINERJA UTAMA | F17: KINERJA TAMBAHAN
B18: 2.1 | C18: Program pelaksanaan pengaturan, pengendalian, pembinaan dan pengawasan proses pembelajaran di lingkungan Dinas Pendidikan Kab. Lampung Utara | E18: 3.6 | F18: Dokumen kegiatan Tugas tambahan sebagai Anggota / Pengurus APSI Provinsi Lampung.
B19: 2.2 | C19: Laporan pelaksanaan Program pelaksanaan pengaturan, pengendalian, pembinaan dan pengawasan proses pembelajaran di lingkungan Dinas Pendidikan Kab. Lampung Utara | E19: 3.7 | F19: Dokumen kegiatan mengikuti Seminar dan atau Webinar di Lingkungan APSI Pusat.
B20: 2.3 | C20: Laporan evaluasi hasil pelaksanaan, pengaturan, pengendalian, pembinaan dan pengawasan proses pembelajaran di lingkungan Dinas Pendidikan Kab. Lampung Utara | E20: 4. | F20: KEPALA SEKOLAH
C21: KEGIATAN TAMBAHAN | E21: 4.1 | F21: Dokumen Program Kerja Sekolah dalam bidang Manajerial, Kewirausahaan, Supervisi Guru dan Tendik dalam penyelenggaraan dan atau pengelolaan Sekolah.
B22: 2.4 | C22: Dokumen kegiatan tugas kedinasan lain yang diberikan pimpinan baik lisan maupun tertulis. | E22: 4.2 | F22: Laporan pelaksanaan tugas pokok kepala sekolah (Manajerial, Kewirausahaan, Supervisi Guru dan Tendik) dalam penyelenggaraan dan atau pengelolaan Sekolah.
B23: 2.5 | C23: Dokumen kegiatan peningkatan kompetensi dan pengembangan karir ASN di lingkungan Dinas Pendidikan Kab. Lampung Utara | E23: 4.3 | F23: Laporan Evaluasi dan ketercapaian program kerja pelaksanaan tugas pokok kepala sekolah (Manajerial, Kewirausahaan, Supervisi) dalam bentuk EDS dan atau Analisis Hasil Rapor Pendidikan (PBD).
B24: 4. | C24: KEPALA SEKOLAH | E24: 4.4 | F24: Laporan Pengembangan Keprofesian Berkelanjutan Kepala Sekolah dalam bentuk Diklat fungsional kepala sekolah dan atau Karya Tulis Ilmiah Kepala Sekolah.
B25: 4.1 | C25: Program Kerja Sekolah dalam bidang Manajerial, Kewirausahaan, Supervisi Guru dan Tendik dalam penyelenggaraan dan atau pengelolaan Sekolah. | E25: 4.5 | F25: Dokumen kegiatan tugas tambahan sebagai Pengurus atau MKKS/KKKS Kab. Lampung Utara
B26: 4.2 | C26: Laporan pelaksanaan tugas pokok kepala sekolah (Manajerial, Kewirausahaan, Supervisi Guru dan Tendik) dalam penyelenggaraan dan atau pengelolaan Sekolah.
B27: 4.3 | C27: Laporan Evaluasi dan ketercapaian program kerja pelaksanaan tugas pokok kepala sekolah dalam bidang Manajerial, Kewirausahaan, Supervisi Guru dan Tendik dalam penyelenggaraan dan atau pengelolaan Sekolah.
B28: 4.4 | C28: Laporan Pengembangan Keprofesian Berkelanjutan Kepala Sekolah dalam bentuk Diklat fungsional kepala sekolah dan atau Karya Tulis Ilmiah Kepala Sekolah. | F28: TUGAS TAMBAHAN
C29: TUGAS TAMBAHAN | E29: 4.6 | F29: Dokumen kegiatan tugas tambahan sebagai Anggota / Pengurus MKKS/PGRI Kab. Barito Timur.
B30: 4.5 | C30: Dokumen pelaksanaan kegiatan tugas kedinasan lain yang diberikan pimpinan baik lisan maupun tertulis. | E30: 4.7 | F30: Dokumen kegiatan mengikuti Seminar dan atau Webinar Pendidikan di Lingkungan daerah dan Pusat.
B31: 4.6 | C31: Dokumen pelaksanaan kegiatan peningkatan kompetensi dan pengembangan karir ASN di lingkungan Sekolah. | E31: 5. | F31: GURU
E32: 5.1 | F32: Dokumen Perangkat Pembelajaran Guru (Analisis Minggu Efektif, Prota, Promes, CP/TP/Silabus, Modul Ajar/RPP, Bahan Ajar dan Administrasi Guru) pada tahap Perencanaan Pembelajaran.
E33: 5.2 | F33: Laporan pelaksanaan dan penilaian pembelajaran guru sesuai dengan Rencana yang telah ditetapkan sebelumnya sesuai dengan Program Tahunan / Program semester.
E34: 5.3 | F34: Laporan evaluasi hasil pelaksanaan dan penilaian pembelajaran sesuai dengan Rencana yang telah ditetapkan sebelumnya sesuai dengan Program Tahunan / Program semester.
E35: 5.4 | F35: Laporan pelaksanaan kegiatan tugas tambahan yang diberikan kepala sekolah, baik dalam Administratif maupun dalam Implementasi tugas sebagai Waka / Kaperpustakaan / Wali Kelas
E36: 5.5 | F36: Laporan Pengembangan Keprofesian Berkelanjutan Guru dalam bentuk Diklat Fungsional Guru dan atau Karya Tulis Ilmiah
F39: TUGAS TAMBAHAN
E40: 5.6 | F40: Dokumen kegiatan Tugas tambahan sebagai Anggota / Pengurus PGRI / MGMP / KKG KabupatenBarito Timur.
E41: 5.7 | F41: Dokumen kegiatan Seminar dan atau Webinar Pendidikan pada level / Tingkat Daerah dan Pusat.

Sheet 00 DATA
F1: =HOME!E1&"" -> KEPALA SEKOLAH | L1: HOME | P1: COVER
C2: DATA SKP DAN PPKPNS - (PERMENPANRB-NO. 06 TAHUN 2022) | K2: ="JANUARI - DESEMBER "&P5&"" -> JANUARI - DESEMBER 2022
C3: DATA PEGAWAI, PEJABAT PENILAI DAN ATASAN PEJABAT PENILAI | P3: NILAI KINERJA
C4: PEGAWAI YANG DINILAI | K4: TGL. PNGISIAN USLN SKP | N4: 03 Januari 2022 | P4: TAHUN
C5: a. | D5: Nama | F5: RUSLAN, S.Pd | K5: PENGISIAN TEMPAT DAN TANGGAL PENILAIAN : | P5: =N17 -> 2022
C6: b. | D6: NIP | F6: 19660625 199112 1 001 | K6: Jangka waktu penilaian | N6: 01 JANUARI 2022 | P6: =N18 -> BAIK
C7: c. | D7: Pangkat / Golongan ruang | F7: PEMBINA TK.I | G7: IV.b | K7: Sampai dengan | N7: 31 DESEMBER 2022
C8: d. | D8: Jabatan/Pekerjaan | F8: KEPALA SEKOLAH | K8: Tempat | N8: Kotabumi
C9: e. | D9: Unit Organisasi | F9: UPTD SDN 1 KOTABUMI TENGAH | K9: Pejabat Penilai | N9: 31 Desember 2022
D10: KAB. | F10: LAMPUNG UTARA | K10: PNS yang dinilai | N10: 09 Januari 2023
C11: PEJABAT PENILAI | K11: Atasan Pejabat Penilai | N11: 09 Januari 2023
C12: a. | D12: Nama | F12: TUTI ROSPASARI, S.Pd. M.Pd. | K12: TIM PENILAI SKP:
C13: b. | D13: NIP | F13: 19721025 199802 2 003 | K13: Ketua Tim Penilai (Korwil) | N13: -
C14: c. | D14: Pangkat / Golongan ruang | F14: PEMBINA TK.I (IV/b) | K14: NIP. | N14: -
C15: d. | D15: Jabatan/Pekerjaan | F15: SEKRETARIS DINAS | K15: Wilayah | N15: =N8 -> Kotabumi
C16: e. | D16: Unit Organisasi | F16: DINAS PENDIDIKAN | K16: Tanggal Penilaian | N16: 30 Juni 2022
D17: =D10&"" -> KAB. | F17: =F10&"" -> LAMPUNG UTARA | K17: Tahun Penilaian | N17: 2022
K18: Target Capaian Organisasi | N18: BAIK
C19: ATASAN PEJABAT PENILAI | K19: PEJABAT PENILAI KINERJA (BILA ADA PERGANTIAN PEJABAT)
C20: a. | D20: Nama | F20: SUKATNO, S.H. | K20: a. | L20: Nama
C21: b. | D21: NIP | F21: 19721001 199201 1 002 | K21: b. | L21: NIP
C22: c. | D22: Pangkat / Golongan ruang | F22: PEMBINA TK.I (IV/b) | K22: c. | L22: Pangkat / Golongan ruang
C23: d. | D23: Jabatan/Pekerjaan | F23: KEPALA DINAS | K23: d. | L23: Jabatan/Pekerjaan
C24: e. | D24: Unit Organisasi | F24: DINAS PENDIDIKAN | K24: e. | L24: Unit Organisasi | N24: DINAS PENDIDIKAN
D25: =D17&"" -> KAB. | F25: =F17&"" -> LAMPUNG UTARA | L25: =D17 -> KAB. | N25: =F17 -> LAMPUNG UTARA
L46: ='00 DATA'!#REF!&", " -> #REF!

Sheet HOME
C1: SKP JF-KUANTITATIF 2022 | E1: KEPALA SEKOLAH | H1: DAPAT DIGUNAKAN UNTUK PS-KS DAN GURU
C2: VERSI-3
I18: created by gembong sumadiyono_08127268372
